:100000000C940C030C943D030C943D030C943D03A1
:100010000C943D030C943D030C943D030C943D0360
:100020000C943D030C943D030C943D030C943D0350
:100030000C943D030C943D030C943D030C943D0340
:100040000C943D030C943D030C943D030C943D0330
:100050000C943D030C943D030C943D030C94174108
:100060000C943D030C94E1400C94B7400C943D0378
:100070000C943D030C943D030C943D030C943D0300
:100080000C943D030C943D030C943D030C943D03F0
:100090000C943D030C943D030C943D030C9461417E
:1000A0000C943D030C943D030C943D030C943D03D0
:1000B0000C943D030C943D030C943D030C943D03C0
:1000C0000C943D030C943D030C943D030C943D03B0
:1000D0000C943D030C943D030C943D030C943D03A0
:1000E0000C943D030C94701A0C9422250C94931AD2
:1000F0000C94441A0C946D1A0C9454350C941420DE
:100100000C94791A0C9406040C9442030C949F35B9
:100110000C948D1A0C9466080C949D030C94CC04DA
:100120000C94601D0C94EF040C94170B0C94F904C0
:100130000C94A6350C94022A0C94D31F0C94CE0375
:100140000C94D4040C9403090C94E1040C9407055A
:100150000C94CC080C94D7040C947F1A0C94EB04E8
:100160000C9403050C94731A0C94052A0C94F3094F
:100170000C944B4B0C94E1200C9481420C94C204DF
:100180000C9470030C94771A0C9400090C946C1A5C
:100190000C943F030C94E7040C94F5040C94A724EE
:1001A0000C940B0B0C944A060C94AC030C94052194
:1001B0000C94C0030C94DD040C9402050C949D086F
:1001C0000C94C8040C94AB400C949F400C941B08F6
:1001D0000C94D9190C94CB080C94A4080C94741AA0
:1001E0000C94D0040C94901A0C94FD040C945304B9
:1001F0000C94CA1B543A2530326420533A253032CD
:100200006420453A2530346400253130732025645C
:100210002525002531307320453A253033640020F0
:100220002020202020444F4E452020202020002048
:1002300020202043414E43454C4544202020004F80
:100240004B2072656164696E6720736563746F72B9
:100250002061667465722025642072657472696518
:10026000730A004641494C555245207265616469E4
:100270006E6720736563746F7220616674657220A7
:10028000256420726574726965730A0054413A25C9
:100290003032642053413A253032642045533A25A8
:1002A00030346F202D200000002200250028002B74
:1002B000002E003100340002010000050108010B8E
:1002C00001000020002300260029002C002F00320E
:1002D000000001000003010601090100000A0B02F1
:1002E000090C0D0E080703040100000000000000C7
:1002F00000000000000000000000000000000000FE
:1003000000000000000000121110000000000000BA
:1003100000000000000000000000000000000000DD
:100320000000002100240027002A002D00300033A7
:100330000001010000040107010A01010210202050
:100340000808102040102040800201020108040229
:10035000010102040810204080804020100804029F
:1003600001800402018040201008040201080402F8
:1003700001010204081020408001020408102040FE
:100380008005050505070508080808020202020A9B
:100390000A08080404040401010101010101010328
:1003A00003030303030303040707070C0C0C0C0CE3
:1003B0000C0C0C0202020206060606060606060BD6
:1003C0000B0B0B0B0B0B0B436865636B205344202B
:1003D000666F726D61742E002C3058005364457244
:1003E000726F723A203058004E6F20636172642C35
:1003F0002077726F6E6720636869702073656C6523
:1004000063742070696E2C206F7220776972696E38
:1004100067206572726F723F00446F206E6F7420A8
:100420007265666F726D6174207468652053442E26
:1004300000626567696E2829206661696C656400E1
:100440004552524F52210053442043415244004EE2
:100450006F2076616C6964204D6963726F5344202C
:10046000636172642064657465637465642E0A0058
:10047000496E697469616C697A6174696F6E206331
:100480006F6D706C6574652E0A0056616C6964202E
:100490004D6963726F5344206361726420646574B4
:1004A00065637465642E0A000A474D443730313263
:1004B00020526561646572202573202849444520D7
:1004C00025752E25752E25752F67636320257329C5
:1004D000202D202573202D2025730A003F556E6B9B
:1004E0006E6F776E20636F6D6D616E643F0A000AF8
:1004F0004E6F74653A20636861727320696E2028BC
:100500002920617265206F7074696F6E616C2E2096
:100510004361736520646F6573206E6F74206D6135
:10052000747465722E0A0020206828656C7029207A
:10053000202020202020202D2D20646973706C61E4
:1005400079207468697320746578740A00202031FA
:10055000202020202020202020202020202D2D2081
:1005600064756D70206472697665205B315D2074FE
:100570006F2066696C652044554D5058582E445381
:100580004B20285858202D205B303B2039395D29DD
:100590000A00202030202020202020202020202081
:1005A00020202D2D2064756D702064726976652081
:1005B0005B305D20746F2066696C652044554D503A
:1005C00058582E44534B20285858202D205B303B40
:1005D0002039395D290A000A436F6D6D616E6473BD
:1005E00020617661696C61626C653A0A0A00447543
:1005F0006D70206472697665205B315D0A00447518
:100600006D70206472697665205B305D0A000A00B7
:100610005E550A0081424B4B11241FBECFEFD1E241
:10062000DEBFCDBF00E00CBF14E0A0E0B2E0E0E62A
:10063000F4EA00E00BBF02C007900D92A231B107AF
:10064000D9F729E0A2E1B4E001C01D92A533B207B9
:10065000E1F713E0CBE0D3E000E006C02197010909
:10066000802FFE010E945451CA30D10780E0080754
:10067000A9F70E94BD430C941E520C94000090E018
:1006800080E0089590E080E00895DC01ED91FC9118
:100690000190F081E02D1994EF92FF920F931F9338
:1006A000CF93DF938C017B01D0E0C0E0F701EC0F2A
:1006B000FD1F6491662361F0D801ED91FC910190DA
:1006C000F081E02DC8011995892B11F02196EECF0C
:1006D000CE01DF91CF911F910F91FF90EF90089580
:1006E000AF92BF92CF92DF92EF92FF920F931F9340
:1006F000CF93DF936C017B018B01040F151FEB017E
:100700005E01AE18BF08C017D10759F06991D60134
:10071000ED91FC910190F081E02DC6011995892B96
:1007200079F7C501DF91CF911F910F91FF90EF9065
:10073000DF90CF90BF90AF900895FC01538D448D12
:10074000252F30E0842F90E0821B930B541710F07C
:10075000CF96089501970895FC01918D828D981789
:1007600061F0A28DAE0FBF2FB11D5D968C91928D61
:100770009F5F9F73928F90E008958FEF9FEF089592
:10078000FC01918D828D981731F0828DE80FF11D5B
:10079000858D90E008958FEF9FEF0895FC01918D76
:1007A000228D892F90E0805C9F4F821B91098F736F
:1007B0009927089580E595E00E94CE0321E0892BDA
:1007C00009F420E0822F0895FC01A48DA80FB92F11
:1007D000B11DA35ABF4F2C91848D90E001968F7369
:1007E0009927848FA689B7892C93A089B1898C9188
:1007F000837080648C93938D848D981306C00288D7
:10080000F389E02D80818F7D80830895EF92FF92A0
:100810000F931F93CF93DF93EC0181E0888F9B8D23
:100820008C8D98131AC0E889F989808185FF15C0DD
:100830009FB7F894EE89FF896083E889F989808100
:100840008370806480839FBF81E090E0DF91CF91CF
:100850001F910F91FF90EF900895F62E0B8D10E0F1
:100860000F5F1F4F0F731127E02E8C8D8E110CC060
:100870000FB607FCFACFE889F989808185FFF5CFAB
:10088000CE010E94E403F1CFEB8DEC0FFD2FF11DA3
:10089000E35AFF4FF0829FB7F8940B8FEA89FB89E8
:1008A00080818062CFCFCF93DF93EC01888D882346
:1008B000B9F0AA89BB89E889F9898C9185FD03C0C3
:1008C000808186FD0DC00FB607FCF7CF8C9185FFA8
:1008D000F2CF808185FFEDCFCE010E94E403E9CF06
:1008E000DF91CF91089580E090E0892B29F00E945C
:1008F000DA0381110E94000080E090E0892B49F02A
:1009000080E090E0892B29F00E94000081110E9474
:10091000000080E090E0892B49F080E090E0892B96
:1009200029F00E94000081110E94000080E090E008
:10093000892B49F080E090E0892B29F00E9400008B
:1009400081110C94000008958150823108F05AC042
:10095000E82FF0E08827E055FB4F8F4F0C9454515F
:10096000D004D404C204C804CC040205D704DD04B6
:10097000E104E704EB04EF04F504F9040205FD04C7
:1009800003050705809180008F778093800008958C
:10099000809180008F7DF9CF80918000877FF5CF97
:1009A00084B58F7784BD089584B58F7DFBCF80910A
:1009B000B0008F778093B00008958091B0008F7D54
:1009C000F9CF809190008F77809390000895809167
:1009D00090008F7DF9CF80919000877FF5CF809137
:1009E000A0008F778093A00008958091A0008F7D54
:1009F000F9CF8091A000877FF5CF809120018F777C
:100A0000809320010895809120018F7DF9CF8091FE
:100A10002001877FF5CFCF93DF93282F30E0F901B6
:100A2000E552FD4F8491F901E55CFC4FD491F90149
:100A3000EF57FC4FC491CC23A1F081110E94A40474
:100A4000EC2FF0E0EE0FFF1FEF53FD4FA591B49197
:100A5000EC91ED2381E090E009F480E0DF91CF910B
:100A6000089580E090E0FACF1F93CF93DF93282F73
:100A700030E0F901E552FD4F8491F901E55CFC4F4E
:100A8000D491F901EF57FC4FC491CC23A9F0162F54
:100A900081110E94A404EC2FF0E0EE0FFF1FE95536
:100AA000FD4FA591B4918FB7F894EC91111108C046
:100AB000D095DE23DC938FBFDF91CF911F910895F6
:100AC000DE2BF8CFCF93DF9390E0FC01E55CFC4F89
:100AD00024918F579C4FFC0184918823C9F090E0AA
:100AE000880F991FFC01EF5DFC4FA591B491FC01AB
:100AF000E955FD4FC591D49161110DC09FB7F89490
:100B00008C91209582238C938881282328839FBFF2
:100B1000DF91CF910895623051F49FB7F8943C91E2
:100B2000822F809583238C93E8812E2BEFCF8FB774
:100B3000F894EC912E2B2C938FBFEACF3FB7F8940B
:100B40008091880490918904A0918A04B0918B04CB
:100B500026B5A89B05C02F3F19F00196A11DB11D18
:100B60003FBFBA2FA92F982F8827BC01CD01620F54
:100B7000711D811D911D42E0660F771F881F991F0F
:100B80004A95D1F708958F929F92AF92BF92CF92DC
:100B9000DF92EF92FF924B015C010E949E056B0178
:100BA0007C010E949E056C197D098E099F09683E93
:100BB000734081059105A8F321E0821A9108A108EC
:100BC000B10888EEC80E83E0D81EE11CF11C811428
:100BD0009104A104B10429F7FF90EF90DF90CF902A
:100BE000BF90AF909F908F9008952FB7F894609129
:100BF00084047091850480918604909187042FBFAE
:100C00000895DC01ED91FC910088F189E02D1994A3
:100C1000DC01ED91FC910190F081E02D1994FF929F
:100C20000F931F93CF93DF938C01EB01F42E642F6E
:100C3000DC0111968D919C910E940106DC011296B7
:100C4000ED91FC911397268137812C233D23232B93
:100C500071F0ED91FC910284F385E02D2F2DA80118
:100C6000BE01DF91CF911F910F91FF90199490E0F9
:100C700080E0DF91CF911F910F91FF90089524E0C4
:100C80006202B0011124DC01ED91FC91E60FF71F27
:100C9000838108956F927F928F929F92AF92CF92AD
:100CA000DF92EF92FF920F931F93CF93DF93EC01AC
:100CB000F62EEE81FF81662E660F7708C301880F3E
:100CC000991F880F991F0190F081E02DE80FF91FFF
:100CD0006081418182819381042E000C550B062E88
:100CE000000C770B8A01090F111D97FD1A95015011
:100CF00011099B01280F311D87FD3A9521503109BB
:100D0000E881F9811F920284F385E02D8824839481
:100D1000912CA12CD12CC12CB0E2EB2ECE01199537
:100D2000E881F9810288F389E02D2F2D40E060E011
:100D3000CE011995EE81FF81660C771C828193812B
:100D4000680E791EF301118210820F90DF91CF910E
:100D50001F910F91FF90EF90DF90CF90AF909F90F9
:100D60008F907F906F9008952F923F924F925F9255
:100D70006F927F928F929F92AF92BF92CF92EF929B
:100D8000FF920F931F93CF93DF93EC012B015A0136
:100D9000122FE881F9810488F589E02D00E021E037
:100DA00030E040E061E070E0199584E01802100145
:100DB0001124D5011296ED91FC91828184FF5EC0D1
:100DC000912C812CD501ED91FC910190F081E02DC9
:100DD000C5011995082E000C990B881699060CF080
:100DE000D8C0D501ED91FC910088F189E02D682DE6
:100DF000C50119953C01FC0124813581E881F98107
:100E00000488F589E02D00E040E061E070E0CE016B
:100E10001995D30114962D913C91E881F9810688AA
:100E2000F789E02DE12E40E0682DCE011995F30100
:100E300024813581E881F9810488F589E02D40E03D
:100E400061E070E0CE011995D301ED91FC91048031
:100E5000F581E02DAE81BF810D90BC91A02DA20D3A
:100E6000B31D1296EC90C12E082D9E0140E0B201F8
:100E7000C3011995BFEF8B1A9B0AA4CFE881F981B2
:100E80000088F189E02D612FCE011995E881F98163
:100E90000288F389E02D212F40E060E0CE01199512
:100EA000712C612F8E819F810E943F0678160CF075
:100EB00070C0D501ED91FC910190F081E02DC5014C
:100EC000199578160CF065C0D501ED91FC9100885C
:100ED000F189E02D672DC50119954C01FC01E480D5
:100EE000F580E881F9810484F585E02DC12C00E0CE
:100EF00030E020E0412F672DCE011995E881F9817E
:100F00000288F389E02D212F472D60E0CE0119954D
:100F1000D40114962D913C91E881F9810488F589DA
:100F2000E02D40E061E070E0CE011995F4012481EC
:100F30003581E881F9810688F789E02DE12E40E0CE
:100F4000672DCE011995D40114962D913C91E8811D
:100F5000F9810488F589E02D40E061E070E0CE0180
:100F60001995D401ED91FC910480F581E02DAE81BD
:100F7000BF810D90BC91A02DA20DB31D1296EC90D7
:100F8000C12E072D9E0140E0B201C4011995739452
:100F900088CFDF91CF911F910F91FF90EF90CF906D
:100FA000BF90AF909F908F907F906F905F904F9089
:100FB0003F902F9008950F931F93CF93DF938C0151
:100FC000D0E0C0E0D8018D919C911197C817D90746
:100FD0009CF4CE01880F991F1296ED91FC91E80FB9
:100FE000F91F80819181DC01ED91FC910684F785E8
:100FF000E02D19952196E6CFDF91CF911F910F91AA
:101000000895DC016D917C9130E020E026173707D0
:101010008CF4A901440F551FDC011296ED91FC914F
:10102000E40FF51F0190F081E02D138612862F5FEB
:101030003F4FECCF08955F926F927F928F929F9275
:10104000AF92BF92CF92DF92EF92FF920F931F93D6
:10105000CF93DF93CDB7DEB76C01F62E572E4A0142
:101060003901081519050CF1D601ED91FC910288A2
:10107000F389E02D20E0482D6F2DC6011995AF2C86
:10108000B52C6A147B046CF0D601ED91FC910190B3
:10109000F081E02D6E2DC6011995BFEFAB1ABB0A8A
:1010A000F0CF8FEF881A980ADCCFC601DF91CF917D
:1010B0001F910F91FF90EF90DF90CF90BF90AF9076
:1010C0009F908F907F906F905F900895EF92FF9226
:1010D0000F931F93CF93DF93EC01F62EE42EE8815C
:1010E000F9810288F389E02D242F462F60E01995BD
:1010F00010E000E0EE81FF810190F081E02D82811F
:10110000082E000C990B081719073CF460E2CE0179
:101110000E9445030F5F1F4FEDCFE881F9810288E0
:10112000F389E02D2E2D4F2D60E0CE01DF91CF9180
:101130001F910F91FF90EF901994CF93DF93CDB74C
:10114000DEB7DF91CF910895EF92FF920F931F9337
:10115000CF93DF93EC01142F7901E881F9810488A2
:10116000F589E02D64E070E01995E881F98101903E
:10117000F081E02D60E2112331F06091F605EF2857
:1011800011F06091F505CE01DF91CF911F910F9184
:10119000FF90EF9019940895BF92CF92DF92EF9253
:1011A000FF920F931F93CF93DF937C018B01B42E9B
:1011B000FB01C42E440FDD08EF012196608161110F
:1011C0000EC0C01BD10B8C2F8150DF91CF911F918E
:1011D0000F91FF90EF90DF90CF90BF900895BB20CC
:1011E00029F0E01BF10BEC15FD055CF7D701ED9143
:1011F000FC910190F081E02DC7011995FE01DCCF33
:1012000080E0089508957F928F929F92AF92BF924F
:10121000CF92DF92EF92FF920F931F93CF93DF93C2
:10122000EC015B017A01822E1E82EA81FB818281C0
:1012300093816C0124E1C222DD24C114D10429F17F
:1012400010E000E0E881F9810190F081E02DCE010D
:101250001995082E000C990B081719070CF0B5C04A
:10126000E881F9810088F189E02D602FCE01199580
:10127000DC01ED91FC910280F381E02D20E0A701DB
:10128000B50119950F5F1F4FDDCFDB011396ED916F
:10129000FC919780B92D25E0B2028001112482FFD4
:1012A00013C084819581B80165507109680F791F59
:1012B000DB0111968D919C91DC01ED91FC910280F6
:1012C000F381E02D282D199560E0F7018681978143
:1012D0000E943F06EA81FB8120853185D501139666
:1012E000ED91FC9191E021FD0CC09085992309F4CA
:1012F0006AC03695279536952795B1E02B27922F12
:10130000917024813581020F131FD8011196ED9140
:10131000FC910280F381E02D42815381882009F401
:1013200054C0292D990C330B4471552761E070E0AE
:10133000452B11F470E060E0261B370BF701448168
:101340005581240F351FD9017C90882E891A082CCD
:10135000000C9908172D1C0DC814D904B4F5E881A8
:10136000F9810190F081E02DCE01199518176CF5E7
:10137000E881F9810088F189E02D612FCE0119956E
:10138000DC01ED91FC910280F381E02D20E0A701CA
:10139000B5011995E881F9810088F189E02D612F67
:1013A000CE011995DC01ED91FC910680F781E02DCD
:1013B00000E020E0A701B5011995811106C0BFEF3B
:1013C000CB1ADB0AC7CF90E09CCFDF91CF911F9162
:1013D0000F91FF90EF90DF90CF90BF90AF909F90D4
:1013E0008F907F9008953F924F925F926F927F927D
:1013F0008F929F92AF92BF92CF92DF92EF92FF9225
:101400000F931F93CF93DF9300D01F92CDB7DEB71A
:10141000DC0116963C903110FBC0102F7A016B0155
:101420009C838B83FC010280F381E02DFA83E983A6
:1014300082819381AC0144715527452B79F1B12C00
:10144000A12CAB81BC81ED91FC9111970190F081B1
:10145000E02DCD011995082E000C990BA816B906A0
:101460000CF04DC0AB81BC81ED91FC9111970088CF
:10147000F189E02D6A2DCD011995DC01ED91FC91EA
:101480000680F781E02D012F20E0A701B601199514
:101490008111BEC0BFEFAB1ABB0AD3CFFB014181A4
:1014A00052816B817C816417750749F5222339F1DC
:1014B00083809480D40117960C91179714964D90C1
:1014C0005C90B5E00B02300111245C01E4E0AE2237
:1014D000BB2482FF2BC0B30165507109640D751DDB
:1014E000DB0111968D919C91DC01ED91FC910680C0
:1014F000F781E02D012F21E0A7011995382E832DCA
:101500000F900F900F900F90DF91CF911F910F913F
:10151000FF90EF90DF90CF90BF90AF909F908F9013
:101520007F906F905F904F903F90089560E0F7013B
:10153000868197810E943F06A981BA8118962D91D4
:101540003C9121FD61C0F4019085992309F45EC0AE
:101550003695279536952795F1E02F272170882E0F
:10156000821A402F000F550B460C571CF201A18127
:10157000B28112960D90BC91A02D12968D919C91E6
:101580008471992721E030E0892B11F430E020E0CC
:10159000CA01821B930BD7011496ED91FC91E80FC1
:1015A000F91F7080082C000C9908072D0A0DA8144B
:1015B000B9040CF0A4CFAB81BC81ED91FC911197E3
:1015C0000190F081E02DCD01199508170CF097CF0F
:1015D000AB81BC81ED91FC9111970088F189E02DE0
:1015E000602FCD011995DC01ED91FC910680F7810A
:1015F000E02D012F20E0A701B6011995811108C047
:10160000BFEFAB1ABB0AD1CF21E0A9CF20E0A7CF13
:101610003324339474CFDC01CB01BA011296ED91DF
:10162000FC9113970190F081E02DAD011994FC011C
:1016300086810895DC0117962C9117971496ED91E9
:10164000FC91B5E02B02E00DF11D11248181928106
:101650000895CF93DF93EC010E941A0B2F81AC8188
:10166000BD8135E02302A00DB11D1124EC01E881FC
:10167000F9810088F189E02D6C91DF91CF91199467
:1016800020913904260F3327331F21323105ECF422
:1016900020915D04FC0190E080E0243069F082E05C
:1016A0000895A09139042191AC01475E5B4FA40FCE
:1016B000B52FB11D2C930196861798F380913904AC
:1016C000680F6093390480E0089581E008950895DB
:1016D0008FEF9FEF08958FEF9FEF08958091120491
:1016E00090E09195819591090895CF93DF93CB0177
:1016F000EA01642F0E94400BCE01DF91CF91089543
:10170000CF93DF931F92CDB7DEB7698361E0CE013F
:1017100001960E94400B81E090E00F90DF91CF9105
:1017200008958EBD00000DB407FEFDCF8EB508955F
:10173000FC01928183819CBD8DBD81E0878360E047
:1017400085810E9434058FEF0C94910B8FEF0C94E0
:10175000910BCF93DF93EC010E94F505C60FD71FC5
:101760000E94A60B8F3F59F00E94F505CE01861B03
:10177000970B97FFF5CF80E0DF91CF91089581E03F
:10178000FBCFCF93DF93FC012781222349F0EC01AB
:1017900061E085810E9434058FEF0E94910B1F82CA
:1017A000DF91CF9108951F93CF93DF93EC0188E5EC
:1017B00092E00E94A90B182F882361F08DEF0E9400
:1017C000910BCE010E94C10B1886812FDF91CF9122
:1017D0001F9108958FE18E83CE010E94C10BF5CF3A
:1017E0000F931F93CF93DF938C01862FEA010E9402
:1017F000910BFE0181918EBDDE5FEC17FD0741F07C
:101800008191000000000DB407FEFDCF8EBDF5CF25
:101810000DB407FEFDCF8FEF0E94910B8FEF0E945A
:10182000910B0E94A60BF80181878F71853059F0CA
:1018300081E28683C8010E94C10B80E0DF91CF91D5
:101840001F910F91089581E0F9CFCF92DF92EF922F
:10185000FF920F931F93CF93DF93EC018B017A01DB
:101860000E94F5056B0124EDC21A2EEFD20A0E94E8
:10187000A60B89878F3FB1F40E94F505C601861B30
:10188000970B97FFF4CF8EE18E83CE010E94C10BA0
:1018900080E0DF91CF911F910F91FF90EF90DF904B
:1018A000CF9008958E3F11F089E1EECF8FEF8EBD7E
:1018B000F801C7013FEF019749F0000000000DB4A7
:1018C00007FEFDCF2EB53EBD2193F5CF81E0E81A8E
:1018D000F1080E0D1F1D0DB407FEFDCF8EB5F801EA
:1018E000808319860E94A60B0E94A60B81E0D1CFAF
:1018F000DF92EF92FF920F931F93CF93DF93EC0150
:10190000162F022FF32EE42ED52E0E94A80F882327
:10191000D1F18F81811103C0CE010E94980B11116A
:101920002AC0812F80640E94910B8D2D0E94910B03
:101930008E2D0E94910B8F2D0E94910B802F0E9463
:10194000910B87E8111101C085E90E94910B0E945B
:10195000A60B0AE010E00E94A60B898787FF03C050
:1019600001501109C1F7DF91CF911F910F91FF90A5
:10197000EF90DF9008951C30A1F28CE291E00E947C
:10198000A90B8111CECF8FEFEECF8F929F92AF92A6
:10199000BF92CF92DF92EF92FF920F931F93CF935C
:1019A000DF93EC014A015B0169018885823049F4CB
:1019B0008B859C85AD85BE8588159905AA05BB05D7
:1019C00059F18A85A5019401833039F089E0220F0D
:1019D000331F441F551F8A95D1F769E1CE010E943C
:1019E000780C882399F08EE08E83CE010E94C10B83
:1019F00080E0DF91CF911F910F91FF90EF90DF90EA
:101A0000CF90BF90AF909F908F90089582E088878D
:101A10008B869C86AD86BE86F12CE12CE016F10605
:101A2000A9F088E592E00E94A90B811102C085E22D
:101A3000DBCFA6016CEFCE010E94F00B8823A9F248
:101A40008FEFE81AF80A8EEFD81AE8CF8B859C85BD
:101A5000AD85BE858E0D9F1DA11DB11D8B879C87F9
:101A6000AD87BE878F858111C4CFCE01DF91CF9125
:101A70001F910F91FF90EF90DF90CF90BF90AF90AC
:101A80009F908F900C94D30BEF92FF920F931F9324
:101A9000CF93DF93EC0179011F85112369F001E0F9
:101AA00010E00E94C50C182F812FDF91CF911F915C
:101AB0000F91FF90EF9008958A85833039F089E087
:101AC000440F551F661F771F8A95D1F79A01AB0106
:101AD00068E1CE010E94780C882331F08DE08E837E
:101AE000CE010E94C10BE0CFA7016EEFCE010E9494
:101AF000F00B8823A9F388E592E00E94A90B082F38
:101B000084E2002361F320E030E0A9016DE0CE0122
:101B10000E94780C882311F08AE0E1CF0E94A60B86
:101B20008111FACFCE010E94C10B102FBDCFEF92D1
:101B3000FF921F93CF93DF93FC01208111E020FFE0
:101B400012C0EC017C01FBE0EF0EF11C4F815885C7
:101B500069857A85970189819A810E94440D182FA1
:101B6000811108C010E0812FDF91CF911F91FF906C
:101B7000EF900895888181FD04C088818E7F8883DD
:101B8000F2CF4F81588569857A858B819C81AD81A3
:101B9000BE81480F591F6A1F7B1F970189819A8157
:101BA0000E94440D8111E9CFDDCFCF93DF93EC018B
:101BB000188620E030E0A9016CE00E94780C8823B0
:101BC00049F089E08E83CE010E94C10B80E0DF9155
:101BD000CF910895CE010E94C10B81E0F8CF8F9282
:101BE0009F92AF92BF92CF92DF92EF92FF920F93AC
:101BF0001F93CF93DF93EC014A015B016901888554
:101C0000813049F48B859C85AD85BE858815990505
:101C1000AA05BB0559F18A85A5019401833039F0E5
:101C200089E0220F331F441F551F8A95D1F762E1C7
:101C3000CE010E94780C882399F08CE08E83CE012F
:101C40000E94C10B80E0DF91CF911F910F91FF9017
:101C5000EF90DF90CF90BF90AF909F908F900895BE
:101C600081E088878B869C86AD86BE86F12CE12C30
:101C7000E016F10671F040E052E0B601CE010E949C
:101C8000250C882301F38FEFE81AF80A8EEFD81A93
:101C9000EFCF8B859C85AD85BE858E0D9F1DA11DCB
:101CA000B11D8B879C87AD87BE878F858111CBCF78
:101CB000CE01DF91CF911F910F91FF90EF90DF90B8
:101CC000CF90BF90AF909F908F900C94D50D8F9236
:101CD0009F92AF92BF92FF920F931F93CF93DF9388
:101CE000DC011196ED91FC91EF2B61F490E080E026
:101CF000DF91CF911F910F91FF90BF90AF909F9078
:101D00008F900895F22E4A015B01EC018F81988536
:101D1000A985BA8588159905AA05BB0561F0CE018C
:101D20000E94970D882311F3F2FE0DC018828F8256
:101D30009886A986BA862F2D2370F880F22AF88219
:101D4000CE010B96D5CF01E010E09E01255F3F4FFD
:101D5000B501A40189819A810E94EF0D8111E6CF1E
:101D6000C5CF2F923F924F925F926F927F928F9248
:101D70009F92AF92BF92CF92DF92EF92FF921F930A
:101D8000CF93DF9300D000D000D01F92CDB7DEB745
:101D90009A87898749835A836B837C836A017B0195
:101DA00022E0C21AD108E108F108452B462B472B47
:101DB00041F4E985FA85E55FFD4FC080D180E2807E
:101DC000F38089859A85855E9D4F98878F83FC0176
:101DD00080819181A281B381C816D906EA06FB06EB
:101DE00018F0C12CD12C7601D701C60143E0B6957D
:101DF000A795979587954A95D1F71C01F1E03F2269
:101E000011E0C6018770992701C0110F8A95EAF782
:101E1000260137014601570129853A85295E3D4F44
:101E20003E832D83ED81FE8180819181A281B381EA
:101E3000B501A4013CE076956795579547953A958D
:101E4000D1F7480F591F6A1F7B1F20E089859A85AB
:101E50000E94670E009709F472C0FC01E20DF31DA9
:101E60002081FFEF8F1A9F0AAF0ABF0A322F31235A
:101E7000D1F5B501A4014419550966097709413026
:101E800051056105710589F589819A81AB81BC8114
:101E9000892B8A2B8B2B49F4A985BA85A55FBD4F69
:101EA000FD014082518262827382C301B2016E5F82
:101EB0007F4F8F4F9F4F2A960FB6F894DEBF0FBE0D
:101EC000CDBFDF91CF911F91FF90EF90DF90CF902A
:101ED000BF90AF909F908F907F906F905F904F904A
:101EE0003F902F90089524013501C814D904EA04C5
:101EF000FB0449F1AF81B8854D915D916D917C9165
:101F000084169506A606B70680F4110F09F0A9CF2E
:101F100091012F5F3F4F312C212C11E02115B2E0B0
:101F20003B0708F07FCF190198CF212C22E0322EF9
:101F3000412C512C3201812C912C5401E9CF60E0CD
:101F400070E0CB01B8CF61E070E080E090E0B3CF0B
:101F5000FC012085223011F40C94D30B213011F4B4
:101F60000C94D50D81E008958F929F92AF92BF920D
:101F7000CF92DF92EF92FF920F931F934230510561
:101F80006105710560F480E01F910F91FF90EF9063
:101F9000DF90CF90BF90AF909F908F900895FC01FD
:101FA000C08CD18CE28CF38CC416D506E606F706FD
:101FB00050F3480159016A018581803229F58489ED
:101FC0009589A689B78917E07695679557954795BE
:101FD0001A95D1F7480F591F6A1F7B1F23E0CF01C5
:101FE00080960E94670E009771F2CC0CDD1CCC0C21
:101FF000DD1CF1E0DF228C0D9D1DFC0180829182B1
:10200000A282B38281E0C0CF803109F0BCCF448985
:102010005589668977894D0D511D611D711D23E01C
:10202000CF0180960E94670E009709F4ACCFCC0CCC
:10203000DD1CF1E0DF22C80ED91EF60111830083FA
:10204000E1CFCF92DF92EF92FF920F931F93CF9346
:10205000DF93423051056105710550F48FEFDF9138
:10206000CF911F910F91FF90EF90DF90CF90089547
:10207000FC01C08CD18CE28CF38CC416D506E6062C
:10208000F70660F389016A01EC018581803299F5D8
:1020900084899589A689B789E7E0769567955795EC
:1020A0004795EA95D1F7480F591F6A1F7B1F22E019
:1020B000CE0180960E94670E009781F2CC0CDD1C49
:1020C000CC0CDD1CF1E0DF228C0D9D1DFC0180811C
:1020D0009181A281B381488D598D6A8D7B8D48177E
:1020E00059076A077B0730F1F80180839183A28347
:1020F000B38381E0B4CF803109F0B0CF44895589F2
:10210000668977894D0D511D611D711D22E0CF013A
:1021100080960E94670E009709F4A0CFCC0CDD1CBE
:10212000F1E0DF22C80ED91EF60180819181B0E076
:10213000A0E0D1CF80E093CF9F92AF92BF92CF9299
:10214000DF92EF92FF920F931F93CF93DF9300D014
:102150001F92CDB7DEB75C016A017B019E012F5F44
:102160003F4FB701A601C5010E942110982E87FD9F
:1021700034C000E010E09801B701A601C5010E943B
:10218000B40F882351F1F50140855185628573852F
:10219000C416D506E606F70650F4F1E0CF1AD108CA
:1021A000E108F108F501C086D186E286F386C98090
:1021B000DA80EB80FC809110D1CF0F900F900F90C0
:1021C0000F90DF91CF911F910F91FF90EF90DF90D3
:1021D000CF90BF90AF909F90089580E0EECF0F9387
:1021E0001F93CF93DF93EC018A8187FF3EC04C8918
:1021F0005D896E897F898E819F8121E080960E9412
:10220000670E009749F489818160898380E0DF91BE
:10221000CF911F910F910895EC81FD81EF70FF2701
:1022200025E0EE0FFF1F2A95E1F7E80FF91F309721
:1022300051F38081853E39F3888187738387888154
:1022400083FF08C0888D998DAA8DBB8D848F958F53
:10225000A68FB78F8C8D9D8DAE8DBF8D938F828F06
:10226000B58BA48B8A818F778A830E811F81C801E9
:1022700080960E94970D882331F2F8018081918128
:102280000E94A80F882309F4BECFC1CF4F925F925E
:102290006F927F928F929F92AF92BF92CF92DF9276
:1022A000EF92FF920F931F93CF93DF93EC014A01BC
:1022B0005B014C845D846E847F842881222309F431
:1022C0005CC0488959896A897B89481559056A051E
:1022D0007B0581F081149104A104B10469F41C868A
:1022E0001D861E861F86888A998AAA8ABB8A8A8149
:1022F0008F7D8A8381E046C023FF2CC0888D998D15
:10230000AA8DBB8D88159905AA05BB05B0F1EE8194
:10231000FF813481375F7501640181E0C81AD108FB
:10232000E108F108032E04C0F694E794D794C7940B
:102330000A94D2F78A8186FF36C08C8D9D8DAE8D32
:10234000BF8D8C0D9D1DAE1DBF1D8C879D87AE87DB
:10235000BF87C9CF26FFDBCFEE81FF8186819781C2
:1023600025E0880F991F2A95E1F7B0E0A0E08815D5
:102370009905AA05BB0508F0B6CF4C865D866E862A
:102380007F8680E0DF91CF911F910F91FF90EF90BA
:10239000DF90CF90BF90AF909F908F907F906F9085
:1023A0005F904F900895DB01CA010197A109B1091F
:1023B00004C0B695A795979587953A95D2F7C81614
:1023C000D906EA06FB0620F0452B462B472B49F59C
:1023D00027FF22C0848D958DA68DB78D8C879D8714
:1023E000AE87BF878E01045F1F4FC114D104E10483
:1023F000F10409F478CF4C855D856E857F85980161
:102400008E819F810E94211091E0C91AD108E108B4
:10241000F108181654F3B1CF8C8D9D8DAE8DBF8D04
:10242000DDCFC81AD90AEA0AFB0ADCCFCF93DF93C3
:10243000EC018881882341F0CE010E94EF101882C0
:102440001A82DF91CF91089581E0F9CF3F924F92A8
:102450005F926F927F928F929F92AF92BF92CF9234
:10246000DF92EF92FF920F931F93CF93DF9300D0F1
:102470001F92CDB7DEB75C01FC01448455846684AD
:10248000778486809780F401C084D184E284F384C9
:10249000C414D504E604F704C0F47301620110E02B
:1024A000FFEFCF1ADF0AEF0AFF0AF401808D918D4A
:1024B000A28DB38D8C159D05AE05BF0540F411119D
:1024C00032C0C084D184E284F38411E0E9CF4C149B
:1024D0005D046E047F0439F19E012F5F3F4FB70109
:1024E000A601C4010E94211087FD1DC08823C1F2EE
:1024F00089819A81AB81BC81892B8A2B8B2B81F6B8
:10250000112329F0F401C086D186E286F3860FEF0D
:102510001FEF2FEF3FE0B701A601C4010E94B40FE7
:10252000382E811118C0312C832D0F900F900F90F1
:102530000F90DF91CF911F910F91FF90EF90DF905F
:10254000CF90BF90AF909F908F907F906F905F9053
:102550004F903F9008954114510461047104B9F4FF
:10256000F501C486D586E686F7868281411451043A
:1025700061047104B1F0FFEF4F1A5F0A6F0A7F0A1E
:102580004C145D046E047F0479F08F7B0BC09701BF
:102590008601B301A201C4010E94B40F8111E0CFF2
:1025A000C2CF8064F5018283F501828180688283D5
:1025B000BBCF8F929F92AF92BF92CF92DF92EF925A
:1025C000FF920F931F93423051056105710560F42E
:1025D00080E01F910F91FF90EF90DF90CF90BF9020
:1025E000AF909F908F900895FC01E55EFD4FC080F5
:1025F000D180E280F380EFEFCE1ADE0AEE0AFE0A07
:10260000C416D506E606F70618F3480159016A0113
:10261000FC01E15FFD4F37E076956795579547954B
:102620003A95D1F70081118122813381400F511FEA
:10263000621F731F21E00E94670E009749F2CC0CC5
:10264000DD1CCC0CDD1CF1E0DF22C80ED91EF6012A
:1026500080829182A282B38281E0BBCFCF92DF924F
:10266000EF92FF920F931F93CF93DF93E901FC0149
:10267000E55EFD4F00811181228133810F5F1F4F85
:102680002F4F3F4F041715072607370750F48FEFDA
:10269000DF91CF911F910F91FF90EF90DF90CF903E
:1026A00008956A01FC01E15FFD4F37E0769567957B
:1026B000579547953A95D1F7008111812281338151
:1026C000400F511F621F731F20E00E94670E00978A
:1026D000F1F2CC0CDD1CCC0CDD1C21E0D222C80EAA
:1026E000D91EF60180819181A281B3818F3FFFEFD6
:1026F0009F07AF07BF0731F088839983AA83BB8305
:1027000081E0C6CF80E0C4CF0F931F93CF93DF93B8
:10271000EB01E42FDC01AD5DBD4F4D915D916D91FD
:102720007C9113970C811D812E813F814023512381
:102730006223732329E076956795579547952A95E7
:10274000D1F7088119812A813B81025011092109A1
:1027500031091B96FC9104C0000F111F221F331F6B
:10276000FA95D2F7400F511F621F731F57970D91B3
:102770001D912D913C91400F511F621F731F2E2FF1
:102780000E94670E009729F02C813D813170820FE5
:10279000931FDF91CF911F910F9108954F925F92F8
:1027A0006F927F928F929F92AF92BF92CF92DF9261
:1027B000EF920F931F93CF93DF936C014801590160
:1027C000DB01CA010297A109B109AC01BD01480DA5
:1027D000591D6A1D7B1DF601E55EFD4F00811181CB
:1027E00022813381041715072607370708F47FC0B5
:1027F00070974080518062807380EE2009F46CC035
:10280000481659066A067B0688F044165506660681
:10281000770660F4401751076207730718F040E02D
:1028200050E0BA0140835183628373839C01277017
:10283000332711E001C0110F2A95EAF72C013D0161
:102840002CE076946794579447942A95D1F7F60133
:10285000E95EFD4F4081518162817381440D551DB8
:10286000661D771D33E0B695A795979587953A95A0
:10287000D1F7EC01D1702A013B012FEF421A520A25
:10288000620A720A21E0C6010E94670E009779F180
:10289000FC01EC0FFD1FA12F2081422F4A2331E0C4
:1028A00009F430E03E1519F12A272083B1E08B1A94
:1028B0009108A108B10861F1AA0F71F73196B3012F
:1028C000A201D0E0C0E011E0A1E09F01281B390B7C
:1028D0002115324009F7CFCF84159505A605B70518
:1028E00008F0A4CF80839183A283B3839FCF80E03D
:1028F000DF91CF911F910F91EF90DF90CF90BF901C
:10290000AF909F908F907F906F905F904F900895C1
:1029100081E0EECF4F925F926F927F928F929F9263
:10292000AF92BF92EF92FF920F931F93CF93DF93DB
:10293000EC0188A199A1488D598D6A8D7B8D411537
:10294000510561057105F9F04F5F5F4F6F4F7F4F84
:102950000E94B10E4B015C0122E082169104A10499
:10296000B104A8F4F12C8F2DDF91CF911F910F911D
:10297000FF90EF90BF90AF909F908F907F906F905F
:102980005F904F90089540E050E0BA01E1CFEE240F
:10299000E39401E010E020E030E0BC01A40188A154
:1029A00099A10E94CE13F82E8823E1F2488D598D0B
:1029B0006A8D7B8D8EA5411551056105710539F430
:1029C00080648EA7888E998EAA8EBB8ECCCF86FF10
:1029D0002AC04F5F5F4F6F4F7F4F481559056A05FB
:1029E0007B0581F38F7B8EA74C8D5D8D6E8D7F8DEA
:1029F00088A199A1488C598C6A8C7B8C441555050B
:102A00006605770580F42A013B012FEF421A520A2E
:102A1000620A720A930182010E94D912B301A201D3
:102A20008111E6CF9FCF0FEF1FEF9801B501A401F1
:102A300088A199A10E94D912882309F493CF488DC7
:102A4000598D6A8D7B8D411551056105710509F41C
:102A5000B9CF9501840188A199A10E94D912811151
:102A6000B1CF80CFCF93DF93EC010E94970D8823E5
:102A700041F0C55DDD4F88819981DF91CF910C9444
:102A8000A80F80E0DF91CF9108952F923F924F924F
:102A90005F926F927F928F929F92AF92BF92CF92EE
:102AA000DF92EF92FF920F931F93CF93DF93CDB7F7
:102AB000DEB762970FB6F894DEBF0FBECDBF988B1E
:102AC0008F874801222E3D834E83352E2B01DC015A
:102AD00058962D913D914D915C915B972B873C874A
:102AE0004D875E879C96BC91BF83BB2309F4E3C0EE
:102AF000FC01F081F887DC011196BC91B987FC01DB
:102B0000F281FA87DC0113966C90139714967C90EF
:102B100014971596BC91FC01F681F98BFC01F781A5
:102B2000FA8B288539854A85562D672D7B2F898913
:102B30009F2F5801C22CDD80EE80F32C82010E9471
:102B40009751F1F09401422D5D2D6E2D732DC20130
:102B5000A0E00E94A051B1F4AF85B88958961D92AB
:102B60001D921D921C925B97EF85F889808291825D
:102B700022822D8123833E8134833582468257828F
:102B800081E0A4C0EF81E3FF10C0EF85F8892089C0
:102B90003189428953896489758986899789DD805D
:102BA000EE800E94975108F486C0EF85F889A0A0B6
:102BB000B1A0C501825D9D4FFC011081175F94019A
:102BC000422D5D816E81732DC201AFEF0E94825153
:102BD000012F0E945E51942F852FA901692F782F14
:102BE00069017B01EF85F88986A586FF0DC0848D7C
:102BF000958DA68DB78D840F951FA61FB71F808F4B
:102C0000918FA28FB38FB0CF288539854A85562DF5
:102C1000672D7B2F89899A89AFEF0E9482510E948C
:102C20005E5129833A834B835C8329813A814B81AE
:102C30005C81C216D306E406F50668F0288539855E
:102C40004A85562D672D7B2F89899A89A0E00E949D
:102C5000A05109F05BC0BF81B6FF51C0F501E15E34
:102C6000FD4F80819181A281B381EF85F889808FAA
:102C7000918FA28FB38F6F84788838E1630E711CB7
:102C8000C114D104E104F10409F46ECFAF85B88911
:102C900058964D915D916D917C915B9793019096C3
:102CA0008D919C910E942E13B1E0CB1AD108E108BE
:102CB000F10818162CF38B859C85AD85BE85EF85B4
:102CC000F889808F918FA28FB38F80E062960FB6C4
:102CD000F894DEBF0FBECDBFDF91CF911F910F9152
:102CE000FF90EF90DF90CF90BF90AF909F908F902C
:102CF0007F906F905F904F903F902F900895EF8559
:102D0000F889848D958DA68DB78DAFCF29813A81B5
:102D10004B815C81C21AD30AE40AF50AACCF9F92B8
:102D2000AF92BF92CF92DF92EF92FF920F931F93D9
:102D3000CF93DF9300D000D000D0CDB7DEB78C01A9
:102D4000942E89E0F801B296DE01119601900D9261
:102D50008A95E1F7F801A0A0B1A0F0E26F9FC00151
:102D60001124B0E0A0E04D815E816F817885F5018E
:102D7000ED5DFD4FC080D180E280F380C422D5227A
:102D8000E622F722C80ED91EEA1EFB1E840F951FED
:102D9000A61FB71F8D839E83AF83B8873B96808124
:102DA000875F04C0F694E794D794C7948A95D2F7C6
:102DB000C114D104E104F10489F149815A816B8184
:102DC0007C818985882371F04F5F5F4F6F4F7F4F04
:102DD00049835A836B837C8321E0C21AD108E108BE
:102DE000F108E6CF9E012F5F3F4FC5010E942E13D1
:102DF000813091F390E080E029960FB6F894DEBF21
:102E00000FBECDBFDF91CF911F910F91FF90EF903B
:102E1000DF90CF90BF90AF909F900895492DBE0155
:102E20006F5F7F4FF80180A191A10E948413E4CFCE
:102E3000FF920F931F93CF93DF93FC0124A52111E1
:102E400007C081E0DF91CF911F910F91FF9008950E
:102E5000EC0186A587FF8AC08F7786A7F12C10E04A
:102E600000E08BA58F1508F469C040E06F2DCE01FE
:102E70000E948F16FC01892B09F473C08081803C6D
:102E800061F1813C69F0853809F06BC08CA58773CE
:102E900090E095838483A8A1B9A18C9181608C93E3
:102EA000408190E080E000FB1795079517F9DF015E
:102EB000A80FB91F2C91020F111D8130910521F42B
:102EC00023E030E0453811F021E030E0820F931F1D
:102ED0008032910540F3F394C4CF81819EA596FF83
:102EE0002BC082608183788969895A894B893C89A2
:102EF0002D899E898F8970876187528743873487A0
:102F00002587968787878C8D9D8DAE8DBF8D848B11
:102F1000958BA68BB78B788569855A854B853C85C3
:102F20002D859E858F85708F618F528F438F348F53
:102F3000258F968F878FAFCF8D7FD4CF41E0BE0195
:102F40006E5D7F4F88A199A10E948413009749F07C
:102F5000FC011383028388A199A10E94321581117B
:102F600070CF8DA581608DA780E06CCF80A191A1ED
:102F70000E943215811165CF9DA591609DA762CFFA
:102F80000F931F93CF93DF93EC0188A999A9009722
:102F900059F00E94161219AA18AA1BAA1AAADF91A0
:102FA000CF911F910F9108950AA91BA981E00115E6
:102FB000110589F3C8010E941817F80114A616A676
:102FC000EACFCF93DF93EC018A819B8190937608BF
:102FD000809375088C819D81AE81BF818093770835
:102FE00090937808A0937908B0937A08888599859A
:102FF000AA85BB8580937B0890937C08A0937D086D
:10300000B0937E0888E0C337D807E9F08FE798E0EF
:103010000E94C0178CAD9DAD892BD1F010927F0816
:1030200010928008109281088FE798E09093B00882
:103030008093AF08ECADFDAD80E2AFE7B8E0019062
:103040000D928A95E1F783E798E0DF91CF9108959B
:103050008EAD9FAD892BB9F31092AB081092AC08DE
:103060001092AD088FE798E09093B2088093B10872
:10307000EEADFFAD8FE2E1CF2F923F924F925F9284
:103080006F927F928F929F92AF92BF92CF92DF9278
:10309000EF92FF920F931F93CF93DF93CDB7DEB7DD
:1030A00060970FB6F894DEBF0FBECDBFDC019E96D1
:1030B0002C9121FD02C080E082C0FC01848C958CA3
:1030C000A68CB78C81149104A104B10409F420C129
:1030D0006C01408C518C628C738C26FF95C02085CE
:1030E0003185428553856485758586859785AFEFE3
:1030F0000E94825100A0F1A1E02DDF01A25DBD4F31
:103100000C91075F0E945E5129873A874B875C8745
:103110006D877E878F87988B09851A852B853C85DF
:103120000F5F1F4F2F4F3F4F411451046104710433
:1031300009F45EC0D301C2010196A11DB11D8D83AA
:103140009E83AF83B887B1E08B1A9108A108B108BC
:1031500084189508A608B708080D191D2A1D3B1DDF
:10316000011511052105310559F04D815E816F81F1
:103170007885E12CCF010E94CE13882309F49BCFE0
:10318000F60170816181528143813481258196816C
:103190008781708761875287438734872587968721
:1031A0008787708B618B528B438B348B258B968BEF
:1031B000878B86A5806886A7C6010E94181760962F
:1031C0000FB6F894DEBF0FBECDBFDF91CF911F9138
:1031D0000F91FF90EF90DF90CF90BF90AF909F90B6
:1031E0008F907F906F905F904F903F902F900895B9
:1031F0008D829E82AF82B886D6015C961D921D920A
:103200001D921C925F97ACCF41145104610471046C
:1032100009F474C01D821E821F8218869E012B5FD6
:103220003F4FB301A201FC0180A191A10E942E1386
:1032300087FD41CF882391F0D60158964D915D913D
:103240006D917C915B970FEF1FEF980190968D9198
:103250009C910E94D912882309F42DCF8D809E80E5
:10326000AF80B88481149104A104B10409F488CF1B
:10327000D60190966D907C90140125019E012F5FE0
:103280003F4FB501A401C3010E942E13F82E87FD04
:1032900012CF00E010E09801B501A401C3010E9423
:1032A000D912882309F407CFBFEF8B1A9B0AAB0A08
:1032B000BB0AFF2049F089819A81AB81BC818815C6
:1032C0009905AA05BB0599F0950184010219130916
:1032D00024093509E12CB201A101C3010E94CE13DA
:1032E000882309F4E8CE29803A804B805C8089806D
:1032F0009A80AB80BC80F110C1CF42CF8D829E827C
:10330000AF82B886FC01148E158E168E178EA6CF4E
:1033100081E055CF982F803290F0877F823279F00C
:103320009A3369F0892F8F7B8C3349F082EC890FB7
:10333000823028F081E09C3519F080E0089581E02A
:103340000895AF92BF92CF92DF92EF92FF920F93C8
:103350001F93CF93DF93EC016A017B0159018F81A9
:103360009885A985BA858C159D05AE05BF0590F495
:103370009501B701A60189819A810E94EF0DDF9125
:10338000CF911F910F91FF90EF90DF90CF90BF9062
:10339000AF900895400F511F611D711D841795074F
:1033A000A607B70728F7CE010E94970D8111E0CF3D
:1033B000E6CFAF92BF92CF92DF92EF92FF920F9340
:1033C0001F93DC01DC96ED91FC91DD97309731F194
:1033D000808140E050E0BA0183FF0CC0408D518DE8
:1033E000628D738D80899189A289B389481B590B9D
:1033F0006A0B7B0B4115B0E85B076105710520F096
:103400004FEF5FE760E070E0CA011F910F91FF90FE
:10341000EF90DF90CF90BF90AF900895DE96ED9142
:10342000FC9180E090E0309781F384A583FF23C076
:103430002089318942895389648975898689978968
:10344000A080B180C280D380E480F580068117819E
:103450000E948E51F22FE32F2F3F3F474105510528
:10346000610571058105910519F010F0FFEFEFE797
:103470008F2F9E2FCACF20E030E040E050E060E088
:1034800070E080E090E0E6CFDC01DC96ED91FC910D
:10349000309731F08081882351F0CF010C94EF10E8
:1034A000FC0186AD97AD009711F00C9418170895A4
:1034B000FC011382128288EE93E0A0E0B0E08483E6
:1034C0009583A683B78315AE14AE17AE16AE88EA01
:1034D00092E091838083089508958FEF9FEF089580
:1034E00090E080E00895089590E080E0089580E005
:1034F0000895DC011296ED91FC9182850895DC011E
:103500001296ED91FC91660F770B0384F485E02D04
:10351000E60FF71F80819181089590E080E0089583
:10352000FC011682089580E00895649BFECF089503
:10353000049BFECF089580910B01806280930B0164
:103540000699FECF0499FCCF80910B018F7D80936B
:103550000B01089590910B0187FF58C092609093E2
:103560000B01659BFECF90910B0186FF51C09260CD
:1035700090930B016599FECF659BFECF90910B0157
:1035800085FF48C0926090930B016599FECF659BC3
:10359000FECF90910B0184FF3FC0926090930B018E
:1035A0006599FECF659BFECF90910B0183FF36C0DE
:1035B000926090930B016599FECF659BFECF909131
:1035C0000B0182FF2DC0926090930B016599FECF95
:1035D000659BFECF90910B0181FF24C09260909378
:1035E0000B016599FECF659BFECF80FF1DC08091CA
:1035F0000B01826080930B016599FECF659BFECF26
:1036000080910B018D7F80930B0108959D7FA7CF43
:103610009D7FAECF9D7FB7CF9D7FC0CF9D7FC9CF10
:103620009D7FD2CF9D7FDBCF80910B018D7FE2CF3D
:10363000659BFECF379B35C080E86599FECF659BC3
:10364000FECF379B30C080646599FECF659BFECF6F
:10365000379B2BC080626599FECF659BFECF379B61
:1036600026C080616599FECF659BFECF379B21C048
:1036700088606599FECF659BFECF379B1CC0846038
:103680006599FECF659BFECF379B17C08260659919
:10369000FECF659BFECF379B12C081606599FECF40
:1036A000089580E0CACF8F7BCFCF8F7DD4CF8F7E20
:1036B000D9CF877FDECF8B7FE3CF8D7FE8CF8E7F23
:1036C000EDCF0F931F93CF93DF9387E30E940B05FA
:1036D000C82F88E30E940B05082F86E30E940B0584
:1036E000182F89E30E940B05D82FC11151C062E346
:1036F00070E080E090E00E94C30587E30E940B0524
:10370000892B09F045C087E30E940B05892BD9F36B
:10371000C1E0011111C062E370E080E090E00E941E
:10372000C30588E30E940B05892B31F488E30E94CE
:103730000B05892BD9F3C2E0111111C062E370E0CF
:1037400080E090E00E94C30586E30E940B05892B70
:1037500031F486E30E940B05892BD9F3C3E0D11124
:1037600011C062E370E080E090E00E94C30589E34D
:103770000E940B05892B31F489E30E940B05892BEC
:10378000D9F3C4E08C2FDF91CF911F910F91089551
:10379000C0E0BFCFDC011D968D919C91DC01ED91C5
:1037A000FC910190F081E02D199460E086E10E9487
:1037B000340564E670E080E090E00E94C30561E0BB
:1037C00086E10C943405CF92DF92EF92FF920F9333
:1037D0001F93CF93DF93EC018B01888199810E9425
:1037E000DB071D870C87FF24F394F986CE010E9426
:1037F0001A0BDC011696FC920115110549F1C880DF
:10380000D980D0E0C0E0F60180819181C817D90746
:10381000FCF40280F381E02DCE01880F991FE80FA0
:10382000F91FE080F18070E060E0C701F8011995B0
:10383000892B71F4D70118968C9180FF02C02196D4
:10384000E2CF61E070E0C701F80119950197B9F77F
:10385000DF91CF911F910F91FF90EF90DF90CF906C
:103860000895CF93DF93EC01EE85FF8581E0868399
:103870009F810280F381E02D828180FF3FC09923E8
:1038800061F191509F832C813D81A90165E09602F1
:10389000400D511D1124CA01DA014C9164E070E021
:1038A0000E940F06CE010E941A0B21E0FC01268324
:1038B000CE010E941A0B9F878E87DC011296ED9134
:1038C000FC91828184FF03C0CE010E94311C61E023
:1038D00070E08FEFDF91CF9108958989882311F3EC
:1038E0008C819D81FC01408164E070E00E940F06A4
:1038F0006A857B85CE010E94E31BD4CF2C813D815C
:10390000A90165E09602400D511D1124CA01DA019A
:103910004C9164E070E00E940F068A819B81DC017B
:10392000ED91FC910684F785E02D60E01995BACF02
:10393000AF92BF92CF92DF92EF92FF920F931F93BD
:10394000CF93DF93EC010E94290BDC0114968D913B
:103950009C91892B09F4B1C0CE010E94290B7C01F6
:10396000DC01ED91FC91C084D184CE010E94290B31
:103970002F8115E04C815D812102400D511D1124E4
:103980009C0161E070E0C701F6011995892B09F0EF
:1039900094C0CE010E94290B7C01DC011296ED91AE
:1039A000FC91C280D3805601B2E0AB22BB242F81B0
:1039B0008C819D812102800D911D1124FC0140818B
:1039C00062E070E00E940F06009709F056C0C60141
:1039D00083709927039709F05FC09F818E819817A4
:1039E0000CF044C0CE010E941A0B01E0DC011696D7
:1039F0000C93CE010E94290B2F812F5F2F83EC8126
:103A0000FD812102E00DF11D11249283818310823A
:103A1000CE010E941A0BFC010683D701ED91FC91A7
:103A2000A084B184CE010E94290B2F814C815D813D
:103A30002102400D511D11249C0162E070E0C7017C
:103A4000F501199502E010E0FF86EE8681E0F701AE
:103A50008683C0FC25C08A819B81DC01ED91FC91AD
:103A60000684F785E02D61E019951AC06FE975E3CA
:103A7000CE010E94E31B00E0E6CF019769F4CE017E
:103A80000E94290BDC011296ED91FC91828180FD50
:103A900003C0CE010E94311C02E010E0AB28A1F669
:103AA000B8018FEFDF91CF911F910F91FF90EF90B1
:103AB000DF90CF90BF90AF90089560E070E0F1CFBD
:103AC000DF92EF92FF920F931F93CF93DF93EB015F
:103AD000790108812330310509F472C080F4213066
:103AE000310509F4ABC02230310509F4B2C0DF91D1
:103AF000CF911F910F91FF90EF90DF9008952430A8
:103B0000310509F479C0C9010797029780F7142F8E
:103B100047FDEDCF89819A810E94080618173CF76E
:103B200089819A81DC011296ED91FC911397228193
:103B300033812C703327232B09F496C021E016968D
:103B40002C9349815A81DA011296ED91FC9186817C
:103B500087FF07C00190F081E02DBE0180E890E072
:103B60001995402F60E270E0CE010E940F06188385
:103B7000B7E0EB1AF108E2E0EE16F10420F48B81D5
:103B80009C810E94981C412F60E170E0CE010E9450
:103B90000F0649815A81DA011296ED91FC918681D6
:103BA00086FFA5CF0190F081E02DBE0180E490E07A
:103BB000DF91CF911F910F91FF90EF90DF901994BB
:103BC00089819A810E940806882309F490CF11E028
:103BD000100F89819A810E940806181754F0898174
:103BE0009A81DC011296ED91FC91208520FF21C085
:103BF00010E0011395CF7BCF89819A81011107C015
:103C0000DC011296ED91FC91228124FD17C00E94E7
:103C10000806882309F46BCF1FEF100F17FFE9CFB9
:103C200089819A81DC011296ED91FC91208520FF1B
:103C3000DFCF0E9408061FEF180FDBCF8B819C811E
:103C4000DF91CF911F910F91FF90EF90DF900C9437
:103C5000311C8B819C81DF91CF911F910F91FF903F
:103C6000EF90DF900C94981C602F0E940106DD24D9
:103C7000D394FC01D682612F89819A810E9401062A
:103C8000DC011696DC925DCF9F92AF92BF92CF92ED
:103C9000DF92EF92FF920F931F93CF93DF939B01DD
:103CA000482F6B01C091BF08D091C008209709F43C
:103CB00043C0215031092230310508F0D2C0E090D4
:103CC000B308F090B40810E000E0D7018D919C910A
:103CD0001197081719079CF41296ED91FC91C801F1
:103CE000880F991FE80FF91F62E070E080819181D1
:103CF000FE011995019719F00F5F1F4FE6CF109243
:103D0000C0081092BF0883EB98E00E941A0B21E0D4
:103D1000DC0116962C938091B3089091B408DF9142
:103D2000CF911F910F91FF90EF90DF90CF90BF90B8
:103D3000AF909F900C94DB078091BA08C091B708B0
:103D4000D091B808B5E08B02C00DD11D1124CB0174
:103D50000997029708F06EC0E090B308F090B4089D
:103D600010E000E0F70180819181081719070CF03D
:103D700078C00280F381E02DC801880F991FE80FF9
:103D8000F91FA081B181EB81FC8187811696ED91AD
:103D9000FC911797082E000C990B9C01220F331FE2
:103DA000220F331F0190F081E02DE20FF31FA3805B
:103DB00014962D913C91820F931FDC01BC909924A5
:103DC0009A949B0C89819A81DC01ED91FC91019080
:103DD000F081E02D1995BAE0CB16D104C1F09920FD
:103DE00099F02881422F022E000C550BBA94BA94F8
:103DF000082E000C990B8B0D911DB7FC9A9584171A
:103E0000950714F4215028830F5F1F4FABCF2A2D45
:103E1000AA0C330B290D311D97FC3A95082E000C86
:103E2000990B2817390784F788818B156CF78F5FFA
:103E30008883EACF8091C1089091C208DC01ED919E
:103E4000FC910684F785E02DBE01DF91CF911F9193
:103E50000F91FF90EF90DF90CF90BF90AF909F9029
:103E60001994DF91CF911F910F91FF90EF90DF9008
:103E7000CF90BF90AF909F900895CF93DF93EC01C8
:103E800060E08E810E94340561E08E810E943405DD
:103E900060E08E810E9434058BE891E00197F1F794
:103EA000DF91CF910895CF92DF92EF92FF920F931F
:103EB0001F93CF93DF936C017C0187E0E80EF11C28
:103EC000D0E0C0E0062F10E0B8010C2E02C07595BE
:103ED00067950A94E2F76170F70181917F010E9472
:103EE00034052196C430D10579F7C601DF91CF9111
:103EF0001F910F91FF90EF90DF90CF900C943D1F9A
:103F0000CF92DF92EF92FF920F931F93CF93DF93A5
:103F1000EC01F62E642F8C810E9434058D818F3F39
:103F200019F060E00E9434050F2D10E08F8584FFAA
:103F300025C06E0187E0C80ED11CF12CE12CB80120
:103F40000E2C02C0759567950A94E2F76170F60130
:103F500081916F010E943405FFEFEF1AFF0A88E09C
:103F6000E816F10461F7CE01DF91CF911F910F9117
:103F7000FF90EF90DF90CF900C943D1FB80184E04C
:103F8000759567958A95E1F7CE010E94531F6F2DB5
:103F9000CE01DF91CF911F910F91FF90EF90DF90B5
:103FA000CF900C94531F41E00E94801F81E090E06D
:103FB000089540E00C94801FEF92FF920F931F939F
:103FC000CF93DF938C017A0188E0689FB0011124C0
:103FD0006064C8010E94D91FE701A8E0EA0EF11C45
:103FE0006991D801ED91FC910190F081E02DC8011B
:103FF0001995CE15DF05A1F7DF91CF911F910F9194
:10400000FF90EF900895443008F043E0FC012389CD
:10401000421710F04FEF420FFC01E40FF11D24890D
:10402000620F60680C94D91FDC011696ED91FC912B
:10403000B4E02B02900111240190F081E02DE20FF9
:10404000F31F20813181430F620FFC018585968526
:104050000C94032061E00E94D91F8BE39FE101973C
:10406000F1F70895CF93DF93823029F490912809D6
:1040700098609093280980932C0910922D0980E470
:1040800080932E0980E180932F0980E58093300989
:1040900061E080911D090E94620580911E098F3F99
:1040A00019F061E00E94620561E080911F090E94A1
:1040B0006205C9E1D9E09E01295139408091280962
:1040C00084FD0BC084E090E021962817390744F462
:1040D00061E08E810E946205EECF88E090E0F4CF2F
:1040E0008BE39DE00197F1F760E080911D090E944C
:1040F000340560E080911F090E94340580911E09FB
:104100008F3F19F060E00E9434056091280964FD3A
:104110003CC063E089E199E00E94531FCBE4D6E400
:10412000CE010197F1F763E089E199E00E94531F06
:104130002197F1F763E089E199E00E94531F83E53D
:1041400092E00197F1F762E089E199E00E94531F44
:1041500060912809606289E199E00E94D91F84E09A
:10416000809329096CE089E199E00E94D91F89E1D7
:1041700099E00E942A2082E080932A0966E089E182
:1041800099E0DF91CF910C94D91F606289E199E0A9
:104190000E94D91F8BE496E40197F1F760912809FA
:1041A000606289E199E00E94D91F83E592E001975E
:1041B000F1F760912809606289E199E00E94D91FB6
:1041C000C7CFCF93DF93EC018D859E850E942A2077
:1041D000AE81BF8190E080E014962C911497022E5E
:1041E000000C330B821793076CF49C01220F331FD2
:1041F0001296ED91FC911397E20FF31F118210823A
:104200000196EACFDF91CF910895EF92FF920F933D
:104210001F93CF93DF93EC01142FF22E8D859E8593
:10422000FC0160896E7F608B68600E94D91F8D855C
:104230009E85FC0160896D7F608B68600E94D91F3C
:10424000002391F04F2D612F8D859E850E940320C4
:104250008D859E85FC016089262FEE2069F0226005
:10426000208B6A600E94D91F80E0DF91CF911F915F
:104270000F91FF90EF9008952160208B6960F2CF3D
:104280008F929F92AF92BF92CF92DF92EF92FF9266
:104290000F931F93CF93DF93EC017B013A8130FFA3
:1042A000CAC0288188889988AA88BB88422F48700C
:1042B000C42E23FF22C0888D998DAA8DBB8D8819AD
:1042C0009909AA09BB0982309105A105B10520F51C
:1042D000009711F530E020E0A901481B590BCA01F5
:1042E000DF91CF911F910F91FF90EF90DF90CF90D2
:1042F000BF90AF909F908F90089526FF0DC0EE81E4
:10430000FF818681978145E0880F991F4A95E1F7E3
:104310008815990509F495C0EE81FF81840111701B
:10432000B501A40189E076956795579547958A95DB
:10433000D1F726FF27C0848D958DA68DB78D480FA8
:10434000591F6A1F7B1F8E819F8120E080960E94EB
:10435000670E009709F46FC0800F911FFC018081E8
:10436000F701808388899989AA89BB890196A11D53
:10437000B11D888B998BAA8BBB8B21E030E090E03C
:1043800080E0AACFD380D4220115110581F4D11089
:104390000EC089288A288B2881F527FF29C0848DA3
:1043A000958DA68DB78D8C879D87AE87BF87EE8153
:1043B000FF814C855D856E857F854250510961097D
:1043C0007109848104C0440F551F661F771F8A95A9
:1043D000D2F780899189A289B389840F951FA61F7E
:1043E000B71FAC01BD014D0D511D611D711DABCF3E
:1043F0008C8D9D8DAE8DBF8DD6CF4C855D856E85A8
:104400007F85CC2059F036FF09C04F5F5F4F6F4F5B
:104410007F4F4C875D876E877F87C9CF9E01245F62
:104420003F4FCF010E94211087FD05C08111BFCFF2
:104430008881807D49F48981826089838FEF9FEF35
:104440004FCF30E020E09BCF21E030E081E090E0F2
:1044500043CFEF92FF920F931F93CF93DF931F925F
:10446000CDB7DEB77C01962FF7014089518962896B
:1044700073898A019B0185E03695279517950795E5
:104480008A95D1F70F7011F0911129C0BE016F5FAD
:104490007F4FC7010E944021813051F090E080E0C1
:1044A0000F90DF91CF911F910F91FF90EF900895A2
:1044B000F70180899189A289B3894F96A11DB11D09
:1044C000808B918BA28BB38BF701868197818B9622
:1044D000F0E20F9F90011124820F931FE1CF405E05
:1044E0005F4F6F4F7F4F408B518B628B738BECCF45
:1044F000CF93DF93EC01AB0170E060E085E0440F07
:10450000551F661F771F8A95D1F7CE010E9446116D
:10451000882331F060E0CE01DF91CF910C94292205
:1045200090E080E0DF91CF9108952F923F924F92DB
:104530005F926F927F928F929F92AF92BF92CF9233
:10454000DF92EF92FF920F931F93CF93DF93CDB73C
:10455000DEB72E970FB6F894DEBF0FBECDBF9E8795
:104560008D877A8769875C874B87DC019E968C9163
:104570009E9780FF45C186FD04C09C968C9183FF69
:104580004FC0ED85FE85F081F983AD85BE8511961E
:10459000BC91BA83ED85FE85F281FB83AD85BE8536
:1045A0001396BC91BC83ED85FE85F481FD83AD85BA
:1045B000BE851596BC91BE83ED85FE85F681FF8391
:1045C000AD85BE851796BC91B887ED85FE852088A0
:1045D00031884288538864887588868897882B85B7
:1045E0003C8540E050E060E070E080E090E0A98031
:1045F000BA80CB80DC80ED80FE800F8118850E9420
:10460000795151016201730184010E94975141F077
:1046100038F0C101A981BA818A1B9B0B9C878B87CB
:104620008B849C842D843E84B8E12B0E311C811434
:10463000910409F46FC1ED85FE85F081F983AD85A4
:10464000BE851196BC91BA83ED85FE85F281FB8310
:10465000AD85BE851396BC91BC83ED85FE85F48146
:10466000FD83AD85BE851596BC91BE83ED85FE8527
:10467000F681FF83AD85BE851796BC91B887AD8561
:10468000BE859096ED91FC91DF01AD5DBD4FCD9063
:10469000DD90ED90FC9089819A81AB81BC81C8222C
:1046A000D922EA22FB22260191E05922C114D10429
:1046B000E104F104F9F429813A814B815C816D8137
:1046C0007E818F819885A0E00E94A05109F072C080
:1046D000AD85BE859C968C9186FF65C0E15EFD4FE1
:1046E00080819181A281B381ED85FE85808F918F3C
:1046F000A28FB38FED85FE8580A191A1FC01E25DC3
:10470000FD4FA08149E0F694E794D794C7944A9569
:10471000D1F7ED85FE85408D518D628D738D4250B0
:104720005109610971090A2E04C0440F551F661F03
:10473000771F0A94D2F74C0D5D1D6E1D7F1DFC0185
:10474000E95EFD4F0081118122813381400F511FAD
:10475000621F731F4114510409F05AC08114F2E022
:104760009F0608F455C0FC0107811085218532851C
:10477000401751076207730709F44AC08114F4E037
:104780009F0608F09AC001E010E029853A85DC0117
:1047900011968D919C910E94EF0D882389F1612CD7
:1047A00082E0782E4BC0ED85FE85848D958DA68D9B
:1047B000B78D9ACFAD85BE8558964D915D916D911F
:1047C0007C915B979E968C919E9786FF0AC04F5F67
:1047D0005F4F6F4F7F4FFD01408F518F628F738FFF
:1047E00089CF9101CF010E942E1387FD09C081114D
:1047F00081CFAD85BE859C968C91807509F08AC06D
:10480000ED85FE8585A5826085A78FEF9FEF86C029
:1048100020E032E02419350934012815390508F45F
:10482000390120E00E94670E009751F3BC01640D2E
:10483000751DA30189859A850E94E051E985FA8555
:10484000E60DF71DFA87E987930140E050E060E04C
:1048500070E080E090E0AD85BE85AC901196BC9094
:1048600011971296CC9012971396DC90139714968A
:10487000EC9014971596FC90159716960C91169738
:1048800017961C9117970E9479512C9311963C937F
:10489000119712964C93129713965C931397149654
:1048A0006C93149715967C93159716968C93169780
:1048B00017969C9386189708BACE2401452C552448
:1048C0004694712C612C01E010E020E030E004C03F
:1048D000000F111F221F331FAA95D2F70C191D09B3
:1048E0002E093F09401651066206730610F4930123
:1048F00082016801790129E0CC0CDD1CEE1CFF1C53
:104900002A95D1F7360129853A850E94A11981118E
:1049100095CF76CF8B859C85881999092E960FB6F1
:10492000F894DEBF0FBECDBFDF91CF911F910F91E5
:10493000FF90EF90DF90CF90BF90AF909F908F90BF
:104940007F906F905F904F903F902F9008954F927F
:104950005F926F927F928F929F92AF92BF92CF920F
:10496000DF92EF92FF920F931F93CF93DF931F92EB
:10497000CDB7DEB7FC0104AD15AD0115110589F108
:10498000F80180889188A288B388C484D584E6849D
:10499000F784BE016F5F7F4FC8010E9440210197DD
:1049A000E9F4898190E0F801808A918AA28AB38A29
:1049B000C486D586E686F7860F90DF91CF911F914A
:1049C0000F91FF90EF90DF90CF90BF90AF909F90AE
:1049D0008F907F906F905F904F9008958FEF9FEF33
:1049E000E2CF06AD17AD8FEF9FEF0115110521F353
:1049F000F801408051806280738084809580A68019
:104A0000B780C08CD18CE28CF38C41E050E0BE01C9
:104A10006F5F7F4FC8010E949522019781F48981C1
:104A200090E0F80140825182628273828482958292
:104A3000A682B782C08ED18EE28EF38EBDCF8FEF6D
:104A40009FEFEFCFCF93DF931F92CDB7DEB7FC017F
:104A500084AD95AD009751F0BE016F5F7F4F0E940E
:104A60004021019739F4898190E006C086AD97AD69
:104A7000009731F48FEF9FEF0F90DF91CF91089562
:104A800041E050E0BE016F5F7F4F0E949522E9CF69
:104A90002F923F924F925F926F927F928F929F924E
:104AA000AF92BF92CF92DF92EF92FF920F931F933C
:104AB000CF93DF93CDB7DEB762970FB6F894DEBF22
:104AC0000FBECDBF7A8769875E874D87DC01D096A0
:104AD0000D90BC91A02DB88BAF87109709F483C1BE
:104AE00012968C9181FFBCC083FDADC0ED85FE8523
:104AF000AF0170E060E0EF85F88980899189A28933
:104B0000B38980959095A095B09584179507A607D1
:104B1000B70708F4A5C0CD84DE8444244A94542CFD
:104B200032013C96FC87EB87EF85F8898088918875
:104B3000A288B388C114D10409F428C12680378023
:104B4000D1011396FC90B501A40199E07695679583
:104B5000579547959A95D1F7F42284011170F11079
:104B600023C044855585668577850115110509F0B3
:104B7000D9C3411551056105710509F4A9C0228108
:104B800026FF76C0808D918DA28DB38D88169906F3
:104B9000AA06BB0608F06CC04F5F5F4F6F4F7F4F98
:104BA0004487558766877787AF85B8891696ED91D4
:104BB000FC9117971C964D915D916D917C911F977B
:104BC0004250510961097109848104C0440F551F85
:104BD000661F771F8A95D2F780899189A289B38948
:104BE000840F951FA61FB71FAC01BD014F0D511DAE
:104BF000611D711D0115110509F0A9C3C114B2E0B1
:104C0000DB0608F4A4C387A090A4A1A4B2A421A0A9
:104C100032A0C11424E0D20608F07EC04815590520
:104C20006A057B0529F410A247A250A661A672A6C8
:104C300029853A85C1010E94440D882389F0E12C21
:104C400052E0F52EC8C3AF85B88958964D915D9155
:104C50006D917C915B97CD010E944611811146CFE9
:104C6000EF85F8898181816081831E861D86A0C0C1
:104C70002B853C85C1010E94211087FDF1CF811158
:104C800006C08F8598890E942612882349F3AF8534
:104C9000B8891696ED91FC9117971C964D915D91F0
:104CA0006D917C911F97425051096109710984816E
:104CB00004C0440F551F661F771F8A95D2F780895D
:104CC0009189A289B389480F591F6A1F7B1F96CF0C
:104CD000EF85F889848D958DA68DB78D0097A105F8
:104CE000B10589F4CF010E942612882309F4B8CFB8
:104CF000EF85F88984859585A685B785848F958FFE
:104D0000A68FB78F51CFEF85F88984879587A687BF
:104D1000B7874ACF21E042C38601012F11270695AC
:104D200030E020E082818F19990B092E000CAA0B2C
:104D3000BB0B081719072A073B0710F4D901C80154
:104D40008C019D010F2EF9E0000F111F221F331F50
:104D5000FA95D1F7F02D78018C0184169506A606F8
:104D6000B70670F0840F951FA61FB71F8816990607
:104D7000AA06BB0628F410A247A250A661A672A6F6
:104D800029853A85C1010E94C50C22C3EF85F889A7
:104D9000808D918DA28DB38D88159905AA05BB05CF
:104DA00038F4808E918EA28EB38E82818068828349
:104DB0008D859E8562960FB6F894DEBF0FBECDBF7F
:104DC000DF91CF911F910F91FF90EF90DF90CF90E7
:104DD000BF90AF909F908F907F906F905F904F901B
:104DE0003F902F900895DC01D2960D90BC91A02D9C
:104DF000BA8BA98B109709F438CF9E968C9181FFBE
:104E00000CC183FDEBC0ED85FE85FC87EB8729890E
:104E10003A89285E3F4F388B2F87E989FA892080AD
:104E200031804280538064807580868097802B8596
:104E30003C85232B09F435C200A0F1A1E02DDF0150
:104E4000AD5DBD4FCD90DD90ED90FC90C220D320A4
:104E5000E420F520160131E03322C114D104E1042D
:104E6000F10409F056C0A989BA8958968D909D9091
:104E7000AD90BC905B9781149104A104B10409F436
:104E8000F0C09E968C919E9786FFDBC05C964D90FD
:104E90005D906D907C905F9718962C91189719965D
:104EA0003C9119971A964C911A971B965C911B97F7
:104EB0001C966C911C971D967C911D971E968C914B
:104EC0001E971F969C91AFEF0E948251E25DFD4FAD
:104ED0000081075F0E945E5129833A834B835C8384
:104EE0006D837E838F83988729813A814B815C8192
:104EF000420E531E641E751E84149504A604B70446
:104F000008F491C089899A890E948A14882309F437
:104F100084C0A989BA899096ED91FC91DF01A25DC8
:104F2000BD4F2C9129834601570149E0B694A794BF
:104F3000979487944A95D1F7A989BA8958964D9044
:104F40005D906D907C905B97B2E04B1A51086108C0
:104F5000710804C0440C551C661C771C2A95D2F7B6
:104F6000480C591C6A1C7B1CDF01A95EBD4F8D914A
:104F70009D910D90BC91A02D480E591E6A1E7B1E5E
:104F80002114310409F08EC02B853C85211542E0A7
:104F9000340708F487C0C780D084E184F28481811B
:104FA00092812115344008F033C14C145D046E0425
:104FB0007F0441F410824FEF5FEFBA0147835087BF
:104FC0006187728729853A85B301A2010E94440D49
:104FD000882319F1812C82E0982EC4C0A989BA894E
:104FE00050960C91509751961C91519752962C9136
:104FF000529753963C91539754964C91549755968B
:105000005C91559756966C91569757967C91579709
:10501000CD010E9445158111F6CEE989FA8985A551
:10502000816085A722CE3FEF831A930AA30AB30AB1
:10503000A989BA8958968D929D92AD92BC925B9740
:1050400068CF2F853889B501A401CF010E942E13A6
:10505000082E000C990B97FDE0CF892B09F452CF55
:1050600058CFE989FA89848D958DA68DB78D0097E3
:10507000A105B10581F4CF010E948A14882369F249
:10508000E989FA89808D918DA28DB38D848F958F5A
:10509000A68FB78F3ECFE989FA89808F918FA28F33
:1050A000B38F37CF80E092E0821993098B849C8480
:1050B0008815990508F44C012114310409F0A6C0A3
:1050C000A989BA892C9111963C91119712964C910D
:1050D000129713965C91139714966C9114971596EA
:1050E0007C9115975096AC9050975196BC905197E3
:1050F0005296CC9052975396DC9053975496EC90DE
:1051000054975596FC90559756960C9156975796EE
:105110001C91579716968C91169717969C910E9402
:10512000975108F473C025E0B301A201CF010E949A
:10513000670E009709F471CFA40169857A85820D05
:10514000931D0E94E051280C391C2114B2E03B064B
:1051500049F4E989FA8980A191A10E94970D8823D9
:1051600009F45BCF940140E050E060E070E080E043
:1051700090E0A989BA89AC901196BC9011971296CB
:10518000CC9012971396DC9013971496EC9014978A
:105190001596FC90159716960C91169717961C91DC
:1051A0000E94795129013A01382EE989FA89208330
:1051B00051824283738264837583868397832985B2
:1051C0003A85280D391D3A8729874B855C85481912
:1051D00059095C874B87A088B188C288D388E48846
:1051E000F588068917899201A3010E94975109F059
:1051F00008F413CE86A5806886A7408A518A628A01
:10520000738A648B758B368A978B07CE21E08CCF9F
:105210000B851C85012F1127069530E020E041E029
:1052200050E060E070E0098004C0440F551F661F25
:10523000771F0A94D2F749835A836B837C8348197A
:1052400059096A097B09041715072607370710F45F
:10525000B901A8014A015B0129E0880C991CAA1C2C
:10526000BB1C2A95D1F78A01C414D504E604F704BF
:1052700088F0440D551D661D771DC416D506E6063B
:10528000F70640F410822FEF3FEFA9012783308704
:105290004187528729853A85B301A2010E94C50C36
:1052A0005ECFA989BA8918962C91189719963C91C6
:1052B00019971A964C911A971B965C911B971C96FE
:1052C0006C911C971D967C911D971E968C911E9734
:1052D0001F969C911F9751016201730184010E94E6
:1052E000975108F065CD18962C92189719963C9214
:1052F00019971A964C921A971B965C921B971C96BC
:105300006C921C971D967C921D971E968C921E97F0
:105310001F969C921F979E968C919E9780689E9652
:105320008C9346CDF1014250510961097109848184
:1053300004C0440F551F661F771F8A95D2F78089D6
:105340009189A289B389480F591F6A1F7B1F80E08A
:1053500092E0801B910B76018C159D0508F47C0171
:105360000115110509F0D6CCAF85B88950968D90FE
:105370009D90AD90BC90539758968D919D910D90B6
:10538000BC91A02D88169906AA06BB0630F4AF85FD
:10539000B88912968C9185FFBDCC25E0CF0180960F
:1053A0000E94670E009709F45BCCA70169857A8596
:1053B000800F911F0E94E0510E0D1F1D011512401C
:1053C00051F4EF85F8898681978180960E94970D28
:1053D000882309F445CCEF85F88980899189A289D1
:1053E000B3898E0D9F1DA11DB11D808B918BA28B4A
:1053F000B38B29853A852E0D3F1D3A872987CE1814
:10540000DF0892CB0C960C944825CF93DF931F9224
:10541000CDB7DEB7698341E050E0BE016F5F7F4FDB
:105420000C960E9448250F90DF91CF9108951F930D
:10543000CF93DF9300D000D01F921F92CDB7DEB77D
:10544000182F8091170990911809AB01892B49F009
:1054500048E050E0CE0101960E947A4CAE014F5FC9
:105460005F4F612F80911309909114090E94DC1FF6
:1054700028960FB6F894DEBF0FBECDBFDF91CF9157
:105480001F9108951F93CF93DF93CDB7DEB7609739
:105490000FB6F894DEBF0FBECDBF182F809117094D
:1054A00090911809892B09F5FB01DE0111969B01EA
:1054B000285F3F4F91918781892B8D93E217F307E6
:1054C000C9F7AE014F5F5F4F612F80911309909133
:1054D00014090E94DC1F60960FB6F894DEBF0FBE61
:1054E000CDBFDF91CF911F91089540E150E0CE01F3
:1054F00001960E947A4CFE0131969E01275F3F4F34
:1055000080819085892B8193E217F307C9F7D9CF62
:10551000FC01808181110EC080E2DF011D928A951D
:10552000E9F777836683DB0115968C91803121F052
:10553000803239F080E0089580E4808381E08283C6
:10554000089580E8FACF2F923F924F925F926F9228
:105550007F928F929F92AF92BF92CF92DF92EF9203
:10556000FF920F931F93CF93DF93CDB7DEB7E697EC
:105570000FB6F894DEBF0FBECDBF3C014B011A0140
:10558000E22EDC019C968C9181110DC0FB0184A55B
:10559000807549F0822F8370813009F462C040F039
:1055A000823009F45BC0F30114A616A6F12C31C1B8
:1055B000F1E0FDA3D10116968D919C910E966FE0BE
:1055C00070E00E940A516EA752E0452E460E00E0A0
:1055D00010E020E030E040E050E060E070E0C40126
:1055E0000E944515F12C512C6E01B1E2CB0ED11C5D
:1055F000BDA06894B6F86FE2A62E40E250E0BE016E
:105600006F5F7F4FC4010E949522009709F458C133
:10561000809749F6898187FD27C0511017C0F40192
:1056200040815181628173818A019B01005211097D
:10563000210931090AA71BA72CA73DA7208D318D71
:10564000428D538D2EA33FA348A759A7541408F4A5
:105650005394882309F434C1F12CCFCF03E00DA378
:10566000A9CF12E01DA3A6CFF11043C0541408F433
:10567000512C853811F6F3010A2D11920A95E9F79C
:105680008A81D3019B968C939B979D81892F8773E9
:1056900094FF2BC09C968C93D40190968D919C91F5
:1056A0009197F30191A380A358968D919D910D90B0
:1056B000BC91A02D82A393A3A4A3B5A3F4018081E0
:1056C0009181A281B3818097A109B109F30186A3D9
:1056D00097A3A0A7B1A7D4019E968C9186FB88279B
:1056E00080F982A7FF24F39488CF8860F30184A710
:1056F000D3CF803C09F05CC00DA1F30106A78A81DD
:1057000081FDB6A68985D30150968C9350978A85E2
:1057100051968C9351978B8552968C9352978C858A
:1057200053968C9353978D8554968C9354978E856E
:1057300055968C9355978F8556968C935697888956
:1057400057968C938D899E89AF89B88DF301848F8C
:10575000958FA68FB78F898D80878A8D81878B8D56
:1057600082878C8D83878D8D84878E8D85878F8DA5
:10577000868788A18787D1018D919C911197139677
:105780009C938E9312972C8116968D919C911797CE
:105790002817190609F060CFFF24F39418962D916D
:1057A0003C918D819E812817390709F055CF25CF6F
:1057B000813C09F051CFF10124813581BE016D5F3B
:1057C0007F4FDB018D919D91BD01F101A281B381DC
:1057D000A217B307C1F5892B09F03ECFD10112966C
:1057E0008D919C918217930709F007CF8E2D8472BB
:1057F00021F4F30186A581FF06C0D3019C968C910C
:10580000817109F0D0CEE2FC39C0F30186A581FD9B
:1058100053C08F2DE6960FB6F894DEBF0FBECDBFF6
:10582000DF91CF911F910F91FF90EF90DF90CF907C
:10583000BF90AF909F908F907F906F905F904F90B0
:105840003F902F900895AD014F5F5F4F5383428388
:105850004C918F37910508F0FFCE5FE9540F5A3114
:1058600008F440525FE9580F5A3108F4805284130B
:10587000F3CE6C157D0509F0A4CFB0CFD3015096BF
:105880000C91509751961C91519752962C9152978A
:1058900053963C91539754964C91549755965C91DE
:1058A000559756966C91569757967C91C3010E94D6
:1058B00045158111AACF77CE84A5806284A7A9CF90
:1058C000E4FE71CE8DA1827009F46DCE541408F0FF
:1058D00068C140E250E0BE016F5F7F4FC4010E948B
:1058E0009522009709F03FC1D40158960D911D9162
:1058F0002D913C915B970FA718AB29AB3AAB9C96C7
:105900008C919C9786FFB0C090960D911C91F801E8
:10591000E15EFD4F80819181A281B38189A39AA329
:10592000ABA3BCA3C12CD12C760149A15AA16BA178
:105930007CA19E012F5D3F4FC8010E942E1387FD61
:105940008FC0BFEFCB1ADB0AEB0AFB0A8111EDCF48
:10595000F801E25DFD4F8081875F04C0CC0CDD1C47
:10596000EE1CFF1C8A95D2F7D4019096ED91FC9124
:10597000E95DFD4F80819181A281B3818C0D9D1DD8
:10598000AE1DBF1D0097A105B44008F00CCEC401A8
:105990000E948A14882309F406CED40190968D9132
:1059A0009C9191975896CD90DD90ED90FC905B97EF
:1059B000B2E0CB1AD108E108F108FC01E25DFD4F2D
:1059C000208104C0CC0CDD1CEE1CFF1C2A95D2F7F4
:1059D000895E9D4FFC0180819181A281B3819701F5
:1059E0008601080F191F2A1F3B1F0BAB1CAB2DABE9
:1059F0003EABC12CD12C7601D40190968D919C9117
:105A00009197FC01E25DFD4F208141E050E060E0B4
:105A100070E004C0440F551F661F771F2A95D2F708
:105A2000C416D506E606F70628F525E04BA95CA9BD
:105A30006DA97EA94C0D5D1D6E1D7F1D0E94670E18
:105A4000009709F4B0CDFC0100E012E01192015082
:105A50001040E1F71FEFC11AD10AE10AF10ACCCFD9
:105A6000C12CD12C760174CFF401C084D184E2849E
:105A7000F3847ACF9C962C919C9726FD62C09E96CB
:105A80002C919E9720689E962C93FC01E95DFD4F1A
:105A900080819181A281B3819C01AD0160E070E0C1
:105AA00080E090E0D4011896AC9018971996BC90BD
:105AB00019971A96CC901A971B96DC901B971C96F8
:105AC000EC901C971D96FC901D971E960C911E97AE
:105AD0001F961C911F970E94795118962C93189726
:105AE00019963C9319971A964C931A971B965C93A8
:105AF0001B971C966C931C971D967C931D971E9666
:105B00008C931E971F969C9380819181A281B38173
:105B10009C01AD0160E070E080E090E0F401A088BD
:105B2000B188C288D388E488F588068917890E94DD
:105B30007951208B318B428B538B648B758B868B89
:105B4000978BC4010E941817882309F42CCD0FA548
:105B500018A929A93AA9D40158960D931D932D93FC
:105B60003C935B97B3CE809709F01DCD511017C0C1
:105B7000F40180819181A281B3818C019D01005249
:105B80001109210931090AA71BA72CA73DA7208DC0
:105B9000318D428D538D2EA33FA348A759A753940F
:105BA00095CEF40186A586FB882780F99FE2D30174
:105BB0001D929A95E9F720A131A1F30131A320A309
:105BC00098E294A70EA11FA128A539A502A313A3AB
:105BD00024A335A30AA51BA52CA53DA506A317A3A1
:105BE00020A731A782A7F1018081918193838283CD
:105BF00010E080E2982E91ECA92E20ECD22ECDA0C0
:105C00006894C7F835E8B32E0EA50F5F41E2E42E85
:105C10004AE5F42E141508F05BC041E0612FC30182
:105C20000E948F16DC01892B09F4BDCC8C9187FD75
:105C3000BACCFD01292D11922A95E9F7111114C052
:105C4000BC92F30103A711960C9311971B96FC923B
:105C5000EE921A971F96FC92EE921E975396FC9224
:105C6000EE9252971F5FD6CF113091F4DC921196CD
:105C70001C931197F301C6A6F101868113968C93AC
:105C800013978085918515969C938E931497EACFF0
:105C9000AC92F10144815581BD016E5F7F4FCD0112
:105CA0008096F101A281B381A417B507D9F29D01B5
:105CB0002F5F3F4F338322832C91022E000C330B36
:105CC000DB012D933D93BD018A179B0751F7CACF86
:105CD000C3010E941817F82E9CCD6F927F928F926D
:105CE0009F92AF92BF92CF92DF92EF92FF920F936B
:105CF0001F93CF93DF93CDB7DEB7E9970FB6F89434
:105D0000DEBF0FBECDBF8C017B015A01922E1DA6B6
:105D10001EA61FA6DC019C968C918823B1F080E022
:105D2000E9960FB6F894DEBF0FBECDBFDF91CF91DD
:105D30001F910F91FF90EF90DF90CF90BF90AF90A9
:105D40009F908F907F906F900895FB0184A5807540
:105D500031F3DA018C918F3229F5FA015F0121913B
:105D60002F32E1F3F70180A191A121110DC02FE2A3
:105D7000D8011D922A95E9F720E4F80124A791A300
:105D800080A381E086A7CCCFFE0131962FE2DF0110
:105D90001D922A95E9F720E42DA79AA389A381E013
:105DA0008FA77F01650196012F5F3F4FF60180812C
:105DB0008032F1F0D9AAC8AADDAACCAA5F01D50128
:105DC0008D903D018820E1F0BFE28B1699F0882D7F
:105DD0000E948A198111A3CF87FCA1CFEEE28E1613
:105DE00029F0F0E28F1611F07DAA6CAAF301E6CF3C
:105DF0006901D9CF5F0181918032E1F38F32D1F314
:105E0000DBAACAAA8CA99DA950E040E0EAA9FBA997
:105E1000E817F907B1F09F012F5F3F4F3BAB2AAB6B
:105E200030812FE9230F2A3108F4305240FB579577
:105E3000479557F9430F511D40FB5795479557F923
:105E4000E5CF8C199D099FAB8EAB59AF48AF019739
:105E50008F3F910508F063CFD5018C918823E9F03D
:105E600020E0AE01405D5F4FB701C8010E94A32A48
:105E7000882309F454CF8FE2F801DE0111960190D6
:105E80000D928A95E1F7C8010E941817F80114A62F
:105E900016A6CE0101967C0185CF292DAE01405D6D
:105EA0005F4FB701C8010E94A32A3ACF0E94AC51AC
:105EB000FB0101900020E9F73197AF01461B570B1A
:105EC000DC01ED91FC910280F381E02D1994CF93D8
:105ED000DF93BC0180E595E00E944C03EC0165E88E
:105EE00073E080E595E00E94582F8C0F9D1FDF9195
:105EF000CF9108958F929F92AF92BF920F931F936D
:105F0000CF93DF93CDB7DEB7A1970FB6F894DEBF7E
:105F10000FBECDBF19A2423008F44AE08E010F5DDA
:105F20001F4F842E912CB12CA12CA50194010E940D
:105F30003251E62FB901CA01EA3004F5E05DD8011B
:105F4000EE938D01232B242B252B79F790E080E015
:105F5000109729F0BD0180E595E00E94582FA19689
:105F60000FB6F894DEBF0FBECDBFDF91CF911F916A
:105F70000F91BF90AF909F908F900895E95CDFCF15
:105F80002F923F924F925F926F927F928F929F9249
:105F9000AF92BF92CF92DF92EF92FF920F931F9337
:105FA000CF93DF93CDB7DEB764970FB6F894DEBF1B
:105FB0000FBECDBF9C8B8B8B2B01742EDB011396F8
:105FC0008D909C90F40186859785DC011296ED9169
:105FD000FC9113972281338125703327232B09F0FD
:105FE00053C0ED91FC910680F781E02D00E020E0A8
:105FF0004B895C891995882321F1F20163817481B1
:10600000DB011E968D919C91DC01ED91FC91A480A9
:10601000B580EB89FC89A681B781F72D44E0F402B5
:10602000900111240D90BC91A02DA20FB31F1296C8
:10603000EC90C72CD2010C912B893C8941E0F501F1
:106040001995F20181819281AB89BC891B969C9341
:106050008E931A9780E064960FB6F894DEBF0FBE59
:10606000CDBFDF91CF911F910F91FF90EF90DF9007
:10607000CF90BF90AF909F908F907F906F905F90E8
:106080004F903F902F900895D4011796AC90AA207E
:1060900051F0C4010E941A0BDC011296ED91FC91A3
:1060A000828182FDAA940A2C000CBB08EB89FC8932
:1060B000E480F580EA0CFB1CD7010C91D20111960B
:1060C000ED91FC910280F381E02DC280D380160116
:1060D000B0E12B223324808581FD06C0F4011085B8
:1060E000112389F082FD0EC02114310459F4672D6B
:1060F000AB89BC8916968D919C910E943F0611E058
:1061000082300CF410E0C2FC28C0C12ED12CEB89E7
:10611000FC898485882309F495C0D2012C910680DE
:10612000F781E02DB72D34E0B302C00111240190B6
:10613000F081E02DE80FF91F61813381822F022E5B
:10614000000C990B630F062E000C770B6C197D0960
:106150000E941E51281BD7012C93EB89FC89408596
:1061600040FDD3C00480F581E02DEA0DFB1D808148
:106170008013CBC0AB89BC891A968D919C911B97DB
:10618000F201218132818217930709F0BEC0169671
:10619000ED91FC910280F381E02D272D220F330B2E
:1061A000E20FF31F208131812415350509F0ADC0C0
:1061B00041FDADC0DC01ED91FC910680F781E02D41
:1061C00000E021E04B895C89B2011995F201A181BF
:1061D000B28116969C911697682E692A29F4EB894C
:1061E000FC89808581FF36CF872C072C000C99080D
:1061F000EB89FC8926813781C401880F991F880F9C
:10620000991FF90120813181F901E80FF91F2281DD
:106210002983111148C1ED91FC9111970680F781F6
:10622000E02D00E020E04B895C89B201CD01199599
:10623000811126C1611027C12114310409F48BC1D9
:106240001A8292C1F20180814601880E911C87FD5D
:106250009A94AB89BC891496ED90FC901597EA0C42
:10626000FB1CF7016080672D16968D919C910E9412
:106270003F06082E000C990B860D911D67FC9A9520
:106280008816990624F06394D7016C92DBCFAB8912
:10629000BC891496ED91FC91EA0DFB1D9081F201F1
:1062A000808189175CF4AB89BC891496ED91FC91CF
:1062B000EA0DFB1D808181508083E9CF21813281ED
:1062C000992309F44ACFC9010E940806E82E880FD5
:1062D000FF08AB89BC891496ED91FC911597EA0DE6
:1062E000FB1D8081E81AF10887FDF394672D16964F
:1062F0008D919C910E943F06082E000C990B8C19E1
:106300009D09E816F9067CF228CF81E05FCF80E096
:106310005DCF2114310409F41EC16CE873E08B8950
:106320009C890E94582F8CCFDC01ED91FC91068056
:10633000F781E02D00E020E04B895C89B2011995DE
:10634000811165C1D3942EC12114310409F47DC09B
:106350002B813C818216930609F077C06AE873E0CE
:106360008B899C890E94582FF980EE24EA94EF0CC7
:10637000F50124813581AB89BC89ED91FC911197A0
:106380000488F589E02D0D81412F61E070E0CD0199
:1063900019951E1414F5F20163817481D501ED91F4
:1063A000FC910480F581E02DC72C0D2D2B893C89B3
:1063B000412FC5011995181684F42114310469F090
:1063C000EB81FC8168E873E08E169F0611F067E8A8
:1063D00073E08B899C890E94582F2B813C81821607
:1063E000930609F0AFCFAB89BC891696ED91FC916D
:1063F0008481082E000C990B2F85388928173907BE
:106400000CF0A0CFD50112968D919C91DC011296D3
:106410008C9180FF02C084FF1AC00280F381E02DBE
:1064200028853985E20FF31F80819181892B09F43A
:1064300089CFAB89BC89ED91FC9111970088F189D6
:10644000E02D6C85CD0119957DCFF98055C1D20124
:1064500013966D917C912C85A5018B899C890E9456
:10646000B406AB89BC891696ED91FC910280F3814C
:10647000E02D28853985E20FF31F5182408262CFDB
:10648000662009F446CF2114310409F046CFAB89C8
:10649000BC89ED91FC9111970088F189E02D672D61
:1064A000CD01199558C061103AC12114310409F089
:1064B00034CFAB89BC89ED91FC9111970488F589A3
:1064C000E02D00E021E030E040E065E070E0CD014B
:1064D0001995AB89BC89ED91FC9111970484F585E0
:1064E000E02DC12CEE24E394F12C25E030E0472D83
:1064F00060E0CD011995AB89BC89ED91FC911197B4
:106500000488F589E02D21E030E041E065E070E0AD
:10651000CD011995AB89BC89ED91FC911197028849
:10652000F389E02D272D40E060E0CD011995F201BF
:106530008181928163817481DC01ED91FC91048001
:10654000F581E02DC72CE980EA94EA940FEF2B89BE
:106550003C8941E01995EB89FC8984819581A80EDD
:10656000B91ED501BC91BA83EFEF8E1A9E0A940131
:10657000220F331F39872887D12C412F50E05B87AA
:106580004A878A81082E000C990B9E878D87988AEE
:106590008F8691E0970D9C87AA81AF5CA98BB9810A
:1065A000B350BA8BED2C0D2C000CFF0821143104D4
:1065B00091F4672DEB89FC89868197810E943F06C3
:1065C000082E000C990B2A853B85821B930BE8163D
:1065D000F9060CF036CD8D849E848E0C9F1CD20162
:1065E00011968D919C910E940806082E000C990B23
:1065F000881699060CF025CD6A816D0DF201818116
:1066000092810E9401065C01662009F48DCE2A85E4
:106610003B852E0D3F1D3F832E83D2018C91E82FA9
:10662000880FFF0BFC83EB8311E08E169F0609F0A9
:1066300010E0F1E0FD83D20111968D919C918A15B5
:106640009B0509F01D822114310401F5F501E48058
:10665000F580AB89BC89ED91FC9111970484F58597
:10666000E02DC12C012F30E020E0472D6E81CD01BF
:106670001995AB89BC89ED91FC9111970288F3893A
:10668000E02D272D4E8160E0CD011995F501248183
:106690003581AB89BC89ED91FC9111970488F5890E
:1066A000E02D0D81412F61E070E0CD011995D201FF
:1066B0001396ED91FC91828D882309F445CE211427
:1066C000310409F045CEEB89FC89808582FFBDCE7F
:1066D00009890D0D6BE5CF010E9445030A330CF0CB
:1066E0000DE2602F8B899C890E9445036DE58B89A3
:1066F0009C890E944503FA88D50114962D913C91FE
:10670000AB89BC89ED91FC9111970688F789E02D42
:10671000E72C0D81412F6E81CD01199526CE2114D4
:10672000310409F0FACDAB89BC89ED91FC91119748
:106730000088F189E02D672DCD011995BACE2F92F1
:106740003F924F925F926F927F928F929F92AF9201
:10675000BF92CF92DF92EF92FF920F931F93CF934E
:10676000DF9300D01F92CDB7DEB73C016B01B12C97
:10677000A12CD3018D919C911197A816B9060CF00C
:1067800053C11296ED91FC91C501880F991FE80F36
:10679000F91FE080F180F70180859185817299274A
:1067A000892BA1F482859385892B09F09EC0D6019F
:1067B00013960D90BC91A02DBA83A9830E94F50574
:1067C000E981FA81648B758B868B978BD601139642
:1067D0000D90BC91A02DBA83A983CD010E941A0B04
:1067E000E981FA812781022E000C330BDC0112961D
:1067F000ED91FC91828182FF02C021503109B5E008
:10680000B29FC001B39F900D1124E981FA814480A9
:106810005580480E591ED7011696ED91FC91B48112
:10682000EB2F0E2E000CFF0B3197FC83EB832E1702
:106830003F0714F43C832B83D70118968C9183FF78
:1068400008C0EB81FC81309709F498C03197FC8334
:10685000EB8310E000E0A9018B819C81481B590B60
:106860005A834983AB81BC810A171B070CF086C091
:10687000F6016381748189819A81800F911FF5E00F
:10688000F89F4001F99F900C1124DB0114968D9123
:106890009C91880E991E1801220C331CF7018085EB
:1068A00081FF0DC00680F781E02D0280F381E02D8D
:1068B000E20DF31D808191818816990699F0D4012B
:1068C00011964D915C91202FC7010E94B406D7010B
:1068D0001696ED91FC910280F381E02DE20DF31DFF
:1068E000918280820F5F1F4FBDCFD60111968D918F
:1068F0009C91DC01ED91FC910680F781E02D00E098
:1069000021E0A701B6011995811151CFD601139647
:10691000ED91FC918189882369F1808D918D892B7E
:1069200049F10E94F505F6010380F481E02DFA8318
:10693000E9830489158926893789601B710B820BCD
:10694000930B28EE33E040E050E00E943251A981E1
:10695000BA8158968D919C91B0E0A0E08217930780
:10696000A407B50738F4E981FA8162857385CF0100
:106970000E94E31B3FEFA31AB30AFBCED701169682
:10698000ED91FC91BB81B5834B2FB201C7010E94F1
:10699000C02F0B811C81000F111FD7011696ED919E
:1069A000FC910280F381E02DE00FF11FD182C082C3
:1069B000EB81FC813296FA83E983D7011696ED913B
:1069C000FC9117978481082E000C990B29813A813C
:1069D000281739077CF6480134E0830E911C0280A9
:1069E000F381E02DE80DF91D80819181892B99F0CB
:1069F000ED91FC910088F189E02D6981C70119951D
:106A0000D7011696ED91FC9182819381880E991E93
:106A1000F4011182108229813A812F5F3F4F3A831E
:106A200029830E5F1F4FC9CF1A821982D3018D911E
:106A30009C91E981FA81E817F907F4F4D6011196DF
:106A40008D919C919F01220F331FD3011296ED91DE
:106A5000FC91E20FF31F40815181DC01ED91FC912B
:106A60000280F381E02D21E0B6011995E981FA81D8
:106A70003196FA83E983DACF80E00F900F900F9080
:106A80000F90DF91CF911F910F91FF90EF90DF90CA
:106A9000CF90BF90AF909F908F907F906F905F90BE
:106AA0004F903F902F900895AF92BF92CF92EF9268
:106AB000FF920F931F93CF93DF938C015B01E9014A
:106AC0004E2DDC011296ED91FC9164817581E88177
:106AD000F9810084F185E02DC9011995F82ED801BE
:106AE0001296ED91FC91828193818571992745974A
:106AF000A1F4F501878164817581F5E08F02600D55
:106B0000711D1124DB0111968D919C9108171907B5
:106B100079F44C2DCE010E94C02F8F2DDF91CF91A3
:106B20001F910F91FF90EF90CF90BF90AF9008957D
:106B30002C2DA801B501CE010E94B406EECF6EE85F
:106B400073E00E94582F90E080E00895AF92BF92CA
:106B5000CF92DF92EF92FF920F931F93CF938C010E
:106B60007B01CA01D801ED91FC91A684B784DA01BA
:106B7000ED91FC910284F385E02D1995C82FD70182
:106B80001396ED91FC91828DCC2E0C2E000CDD081D
:106B9000882339F0B6018BEC93E00E94FB51892BDE
:106BA00051F52091F7053091F805F90190E080E06A
:106BB00042814C151D04B9F4FC01EE0FFF1FE80FD4
:106BC000F91FE20FF31F208131814FEFB701C80198
:106BD000F501CF911F910F91FF90EF90DF90CF9033
:106BE000BF90AF901994019633968A30910501F7C2
:106BF00020E030E0EACF4FEC4C0F27E030E0E6CF6A
:106C00001F93CF93DF9385ED8093BC008091150493
:106C100090911604A0911704B09118040796A11D35
:106C2000B11D23E0B695A795979587952A95D1F73D
:106C30002091BC0024FD03C010925D0452C040911D
:106C40001504509116046091170470911804452B97
:106C5000462B472B69F30097A105B10541F02AE2C5
:106C60002A95F1F700C00197A109B109E1CF809100
:106C70001404C1E0C0931304882399F1D091B800A3
:106C80001091BA008091BC008A7B8093BC0060E0C8
:106C900084E10E94340560E085E10E943405109291
:106CA0005D04C0935F0410925E0461E084E10E9481
:106CB000340561E085E10E9434058091B9008E7F42
:106CC0008093B9008091B9008D7F8093B90088E4EA
:106CD0008093B80085E48093BC001093BA00D093F1
:106CE000B800DF91CF911F9108952F923F924F925C
:106CF0005F926F927F928F929F92AF92BF92CF924C
:106D0000DF92EF92FF920F931F93CF93DF93CDB754
:106D1000DEB7AA970FB6F894DEBF0FBECDBF6C01E9
:106D20008B01FA01DB018C91807D11F480E0F7C2C8
:106D3000D6018C918111FACF868197810C966DE0F6
:106D400070E00E940A516BA38185837009F4AAC088
:106D50006F5F69A32AA37F01F8010680F781E02D08
:106D6000FDA3ECA340E050E0BA01C8010E94461127
:106D70001FA218A6812C912CA12CB12C1EA2970128
:106D8000265F3F4F3AA729A7D80150962D903D90F6
:106D90004D905C905397B5E0569447943794279460
:106DA000BA95D1F7310160E0C8010E942922FC01A7
:106DB000892B09F07AC0F80181818111B7CFEAA14E
:106DC000E4FFB4CF8E2F83708150823008F0AECFB5
:106DD000AA2011F06FA078A4F9A1AF1608F080C125
:106DE00060E0C8010E942922892B09F056C1D80110
:106DF00011968C91812CA2E09A2E811197CFF801E7
:106E0000808186FD93CF80899189A289B38981157C
:106E10009E4FAF41B10508F089CFC8010E942612EC
:106E2000882309F483CFD8011696ED91FC9117972A
:106E30001C962D903D904D905C901F97B2E02B1AC0
:106E4000310841085108848104C0220C331C441CC1
:106E5000551C8A95D2F780899189A289B389280E19
:106E6000391E4A1E5B1EB12CD8011696ED91FC917D
:106E70008281B81608F013C125E0B201A1014B0DC3
:106E8000511D611D711DCF0180960E94670E0097F4
:106E900009F44CCFFC019401119221503040E1F7EC
:106EA000B394E2CFB1E0B9A355CF2081253E11F0D4
:106EB00021110FC0A11002C02FA238A639A1A3161C
:106EC00008F4A394222309F47ACF253E31F4B12C9F
:106ED0005BCF89A1A81608F443C02E32C1F33385D5
:106EE0003F3009F070C0B1103DC0922F9F71992EB4
:106EF000ABA1A91349CF26FF47CF8584BA2EB1E0B5
:106F00009B1242CF80E2F801DE01119601900D92B2
:106F10008A95E1F7F70180819181938382835524DB
:106F20005394B51408F430CFB301CE0101960E94FA
:106F30007822009761F2D70114964D915C91FC0183
:106F400060E06530B0F421813281D70112962D9036
:106F50003C9024163506A9F4232B09F415CFB7CF9E
:106F6000A12CBBCF9A942911B2CF8585881539F20F
:106F7000AECF6B3018F424813581E7CF268137817D
:106F8000E4CF2038310508F0A2CF8FE9820F8A3193
:106F900008F42052C1010196D70113969C938E9359
:106FA0001297D1018C919FE9980F9A3108F4805281
:106FB00082138DCF6F5F32966D3019F65394B1E026
:106FC0006B1A7108AECF33FD82CFBB2009F453C0DA
:106FD00021E09212ABCE9F01255F3F4F80E080FB06
:106FE000879587F99191890F2E173F07C1F788126E
:106FF0009DCE80E2F60111928A95E9F7D8011696A6
:107000002D913C911797F601378326837582648210
:107010005C964D915D916D917C915F97D601408713
:10702000518762877387C9018B96F301EF70FF2741
:1070300045E0EE0FFF1F4A95E1F7E80FF91F838542
:1070400083FD14C087738C939385987111F48860C5
:107050008C93D6011396BC928AA18370813009F477
:1070600079C108F41AC1823009F472C1D6011C92A8
:1070700012961C925BCE4BE050E069A57AA5CF0139
:107080000E94D351892B09F07FCED70119968C919C
:1070900080FFAFCFB1E0BEA377CEA3949DCE848115
:1070A000940102C0220F331F8A95E2F7F80180890C
:1070B0009189A289B389820F931FA11DB11D808B75
:1070C000918BA28BB38BACA1BDA112968C91B0E138
:1070D0008B9FC0011124A80EE9A1AE1608F48FCE33
:1070E000FEA1FF2309F440C0D70118965C90E2E6A8
:1070F0004E2EB12CA12CFEE73F2E4701BAE08B0E9D
:10710000911C0E94F505A60EB71EE3E0E51510F4EC
:1071100073E0572E94E0950D8A2D8F708A3008F019
:107120008CC0805DF701E90FF11D828764E0B694A1
:10713000A7946A95E1F79150591670F3F701E50DA0
:10714000F11D328640E050E0BA01C8010E944611AC
:1071500061E0C8010E942922009709F070C0D8019F
:1071600011968C918111E2CDB9A0BA946B0C711C6F
:1071700080E2F801DE01119601900D928A95E1F707
:107180004701FAE08F0E911CF401C7014596212CAE
:10719000322D30FB379537F92191232E220E8E1791
:1071A0009F07B1F7D7018D919C91119713969C93EE
:1071B0008E931297AA24A394512C4B2C689446F8D2
:1071C0005FE0352EB301BA1408F4CDC06A19710915
:1071D000CE0101960E947822FC01892B09F4A6CDEC
:1071E000AF81B88590968C919097816090968C93A2
:1071F000842DBA108A2D8083338614862586138EBB
:10720000128ED70114964D915C9160E0D7011296D1
:107210002D913C9113972417350731F5552081F1B5
:1072200053942FEF3FEF653080F5328321836F5FFA
:1072300032966D3059F7A394C5CF895C73CFFC01AA
:107240002081222309F490CF238523FD81CF4BE0B9
:1072500050E0BC01C4010E94D351892B09F078CFC2
:107260004A9441104ECF62CDC901019613969C936A
:107270008E931297D9012C91022E000C330BD3CF91
:1072800030E020E055245394CECF6B3018F4358392
:107290002483CDCF37832683CACF81E0D6011296CF
:1072A0008C93129712968C91129781FF07C08C9144
:1072B000982F917109F0DACE80628C93D90197965C
:1072C0004D915D916D917C919A97D60154964D9315
:1072D0005D936D937C93579784899589B0E0A0E086
:1072E000DC0199278827428D538D70E060E0482BA0
:1072F000592B6A2B7B2BD6015C964D935D936D9336
:107300007C935F97448D558D668D778DF601408F08
:10731000518F628F738FFAA1F2FD1EC081E0AA9691
:107320000FB6F894DEBF0FBECDBFDF91CF911F9196
:107330000F91FF90EF90DF90CF90BF90AF909F9014
:107340008F907F906F905F904F903F902F90089517
:1073500083E0A4CF82E0A2CFC6010E944611882319
:1073600009F484CEDBCFC8010E947822009709F48B
:10737000DDCC20E2FC0111922A95E9F72BE0F40123
:10738000DC0101900D922A95E1F7D70119962C9115
:107390002871FC01248721E23AE5318B208B318F63
:1073A000208F338B228BACA1BDA190968C919097AE
:1073B000816090968C931DCE2F923F924F925F9258
:1073C0006F927F928F929F92AF92BF92CF92DF92F5
:1073D000EF92FF920F931F93CF93DF93CDB7DEB75A
:1073E000E6970FB6F894DEBF0FBECDBF6C018B01E0
:1073F0004A01522E19821A821B82DC018C91882349
:1074000011F080E07EC0FB018081807DD1F3DA0144
:107410008C91FA018F3209F468C01E01B6E32B0E7D
:10742000311C7401F70121912EAB203209F48CC07C
:10743000FAA2E9A218A61FA2ADA0BEA0C701712C96
:10744000612CDC014D904D01442019F0BFE24B123C
:107450007DC078A66FA2BEA2ADA221E0621A71081B
:107460003FEF6316710468F64C01DC017C900196D5
:10747000B0E27B16C9F3EFE27E16B1F3FE01BB96D4
:107480009F0140E24193E215F305D9F751E08EA93F
:107490008E3209F450E0F701AFEFEA1AFA0A808160
:1074A0008E32C9F3C5010197E817F90720F4DC0112
:1074B0004C914E32C1F760E047E0F42EA0E070E05E
:1074C000B8E0EB2EEA15FB0508F090C040814E3283
:1074D00009F050C08E179F0709F054C04AE0F42EFF
:1074E000A8E0B0E1EB2E3196EDCF4F0181918F32C4
:1074F000E1F3F8016681778181111CC0C6010E9409
:10750000882AE6960FB6F894DEBF0FBECDBFDF9196
:10751000CF911F910F91FF90EF90DF90CF90BF9090
:10752000AF909F908F907F906F905F904F903F9023
:107530002F900895CE0101960E94882A8E010F5F38
:107540001F4F81116ACF5DCF7F016CCF47FC59CFB0
:10755000842D0E948A19811154CFC4018E199F096C
:10756000EEE24E1629F0F0E24F1611F054013C0104
:10757000C40167CF4232A1F04C3791F0B5EAB40FA5
:10758000B33070F0B6EDB40FB63010F44D3241F4B4
:10759000B6ECB40FB63020F0BFEDB40FBE3530F00E
:1075A000407C403809F064C050E09DCFFA1648F4A2
:1075B000BAE0FB16D1F08E179F07B8F0FC013197A7
:1075C000F3CFBFE9B40FBA3108F057C040526E296B
:1075D000662463946A0EA20FB32FB11D4C9346E04C
:1075E000461508F069A6A62D7ECF50E08BA5803207
:1075F00009F407CF552301F1762309F062E06AA769
:10760000772069F120E0AE014F5D5F4FB801C60100
:107610000E947536882309F4F4CE80E2F601DE017B
:10762000119601900D928A95E1F7C6010E941612FB
:107630008E010F5F1F4FF5CE81E08AA789A590E0EC
:10764000280F391F4EE7D9014C93ECE2F0E0EC0F24
:10765000FD1F8E0F9F1F21E3DC012C93D1CF252D21
:10766000AE014F5D5F4FB801C6010E94753649CF2C
:1076700050E04FE5FA1608F49BCFBFEBB40FBA31D8
:1076800008F0A6CF7E29A4CF0F931F93CF93DF934B
:10769000EC018B010E94C01760915B0870915C083F
:1076A00061157105B9F0188219821A82D9ABC8AB7D
:1076B000655D7D4F26E1A801CE010E94DC3988235B
:1076C00031F081E0DF91CF911F910F91089519AAB8
:1076D00018AAF8CF60915D0870915E0880E061158E
:1076E000710581F31CA61DA61EA6DBABCAAB615DAE
:1076F0007D4F26E1A801CE010E946D2E8111E1CFC0
:107700001BAA1AAADFCFEF92FF920F931F93CF937A
:10771000DF93CDB7DEB7C055D1090FB6F894DEBF01
:107720000FBECDBF6C96EEACFFAC6C979E01225A9B
:107730003F4F6E964EAD5FAD6E9760E570E0CE0147
:1077400001960E94834C8E010F5F1F4FD8018D91CF
:107750008D018823B9F08A3049F4D701ED91FC916D
:107760000190F081E02D6DE0C7011995D701ED91F1
:10777000FC910190F081E02DD80111976C91C70127
:107780001995E4CFC05BDF4F0FB6F894DEBF0FBE94
:10779000CDBFDF91CF911F910F91FF90EF90089592
:1077A000AF92BF92DF92EF92FF920F931F93CF930E
:1077B000DF93CDB7DEB7C054D1090FB6F894DEBF62
:1077C0000FBECDBF5C01F62ED42E122F8091AF08D4
:1077D0009091B008892B31F48091B1089091B20852
:1077E000892B21F08FE798E00E94C017CE01019607
:1077F0000E94581AB501CE010D960E94443BCE015D
:1078000001960E94E11788EA92E09A838983CE016B
:107810000D960E94C0171F92EF921F92DF921F9247
:10782000FF928CE892E09F938F9383E7E82E88E0A5
:10783000F82EFF92EF920E94833B0FB6F894DEBFC2
:107840000FBECDBF013029F51F921F9383E692E052
:107850009F938F93FF92EF920E94833B0F900F9024
:107860000F900F900F900F908FE798E00E94C01735
:10787000C05CDF4F0FB6F894DEBF0FBECDBFDF9107
:10788000CF911F910F91FF90EF90DF90BF90AF903D
:1078900008951F921F938FE392E0DACF0E94181B86
:1078A00080939604069BFECF80B182FB882780F9E7
:1078B00080939404789460E08CE30C943405809376
:1078C000950490E09C013595279527702093A4049A
:1078D00048E0249F90011124215F3D4F3093A6047E
:1078E0002093A50454E0959587955A95E1F78093E8
:1078F0009B04069B17C01092940460E08AE30E94E8
:10790000340561E08CE30E94340560E08BE30E9463
:107910003405F8940E949B1A809195040E94AA1A3B
:1079200081E0089580E008952F923F924F925F92F8
:107930006F927F928F929F92AF92BF92CF92DF927F
:10794000EF92FF920F931F93CF93DF93CDB7DEB7E4
:10795000C856D1090FB6F894DEBF0FBECDBFF82EC2
:1079600010E00AE0812F602F0E94FE50805D80931E
:107970000802905D9093090260915B0870915C0829
:107980006115710599F019821A821B82655D7D4F20
:1079900020E044E052E0CE0101960E94DC398111E2
:1079A00019C044E0C42E42E0D42E19C060915D0895
:1079B00070915E0861157105A1F31DA61EA61FA694
:1079C000615D7D4F20E044E052E0CE0101960E94CF
:1079D0006D2EE5CF1F5F143629F6D12CC12CB601D0
:1079E000CE018F5B9F4F0E94065267ED73E0CE0180
:1079F0008F5B9F4F0E94F051C114D10429F0D60132
:107A00008C91882309F465C361E08BE30E943405FF
:107A100080919304882311F18091AF089091B00870
:107A2000892B31F48091B1089091B208892B21F013
:107A30008FE798E00E94C0173BE0832E912C00E076
:107A400014E0C8010E94554B5C01009709F04CC13D
:107A500016950795B1E08B1A910899F760E08BE3D2
:107A60000E943405F1E0FF1272C220E1A8962FAF08
:107A7000A89736E1A9963FAFA9976F961CAE1DAEA9
:107A80001EAE1FAE6F97412C512C320143946B9662
:107A90001FAE1EAE6B9767961FAE1EAE67976A96B7
:107AA000FFAC6A976F968CAD9DADAEADBFAD6F97D5
:107AB000A3968CAF9DAFAEAFBFAFA397A7964CAECA
:107AC0005DAE6EAE7FAEA79722242394312CA22CFC
:107AD000922C832CB12C0E94611B81112EC340E09B
:107AE00060E089E199E00E940320A7966CAD7DAD2E
:107AF0008EAD9FADA7970E94055020E030E44AEF7D
:107B000054E40E94624F20E030E048EC52E40E94CE
:107B100091500E94D44F1F926F93DF92CF92A9E0B1
:107B2000B2E0BF93AF9309E119E01F930F930E9456
:107B3000833B41E060E0C8010E9403206796FFADEF
:107B40006797FF9366962FAD66972F938F929F92BC
:107B50006B963FAD6B973F936A968FAD6A978F9305
:107B6000A4EFB1E0BF93AF931F930F930E94833BA9
:107B7000F0929C04A0929D0420E830E030939F0492
:107B800020939E04A3968CAD9DADAEADBFADA397E3
:107B90008093A0049093A104A093A204B093A304A3
:107BA0008091A404880FA8969FADA897890F809311
:107BB0009504A9968FADA9970E945F3C0FB6F894E3
:107BC000DEBF0FBECDBF8111CAC181E08093940496
:107BD00080919404882321F0B394B5E0BB127BCF4D
:107BE0008FEF8B0D843008F0CFC1809193048823F0
:107BF00059F0E090960400E02B2D4A2D6F2DCE0118
:107C00008F5B9F4F0E94D03B82E00E945F3C8823A5
:107C1000F9F00E94951A0E94181B8093A70408EAA5
:107C200014E0BB24B3940E94981A0E949B1A0E94ED
:107C3000181BD8018D938D01B394B0E8BB12F3CF1C
:107C40000E94981A0E949B1A0E94951A0E944E3C0C
:107C500061E08BE30E94340580919304882309F44A
:107C60003EC08090A0049090A104A090A204B09087
:107C7000A3048091AF089091B008892B31F48091D2
:107C8000B1089091B208892B21F08FE798E00E940B
:107C9000C017CE0101960E94581AB601CE010D966A
:107CA0000E94443BCE0101960E94E117E8EAF2E00F
:107CB000FA83E983CE010D960E94C0178091AF0828
:107CC0009091B008009709F41EC2B501A4010E946A
:107CD0004611811129C28FE798E00E94C01760E029
:107CE0008BE30E9434056CC1A80170E060E00E9443
:107CF000E951CE0101960E94581AB601CE010D96A7
:107D00000E94443BCE0101960E94E11788EA92E06E
:107D10009A838983CE010D960E94C017412C512C65
:107D20003201C801B0E0A0E069968CAF9DAFAEAF64
:107D3000BFAF6997A801B5018FE798E00E94482579
:107D400069968CAD9DADAEADBFAD6997480E591E1D
:107D50006A1E7B1E411499EE590693E06906710470
:107D600048F3C5010E94F14BA090AF08B090B00855
:107D7000A114B10409F4BDC040E059EE63E070E025
:107D8000C5010E9446118823E9F1D50112968C9114
:107D9000129781FF37C05C968D919D910D90BC919B
:107DA000A02D0097A105B10569F1F5014485558520
:107DB00066857785411551056105710509F46BC02C
:107DC00019821A821B821C829E012F5F3F4F86817F
:107DD00097810E94211087FD15C0882309F463C094
:107DE000D5011C964D915D916D917C911F970FEF80
:107DF0001FEF2FEF3FE016968D919C910E94B40FDC
:107E0000811151C08FE798E00E94C01780919304C0
:107E1000882309F423CE60915B0870915C0861159A
:107E2000710509F480C019821A821B82655D7D4F3D
:107E300020E0A601CE0101960E94DC39882309F4D6
:107E40000DCE8091AF089091B008892B31F48091CC
:107E5000B1089091B208892B21F08FE798E00E9439
:107E6000C017CE0101960E94581AB601CE010D9698
:107E70000E94443BCE0101960E94E11788EA92E0FD
:107E80009A838983CE010D960E94C0178FE798E0F0
:107E90000E94C017E3CD89839A83AB83BC83148E81
:107EA000158E168E178E49815A816B817C81411502
:107EB00051056105710549F0D50116968D919C918A
:107EC0000E949C10882309F49DCFF5018089918937
:107ED000A289B389808F918FA28FB38F82818068AE
:107EE00082838081882309F48DCFC5010E94EF1021
:107EF00089CFA090B108B090B208A114B10409F4E0
:107F000081CF00E019EE23E030E040E050E060E097
:107F100070E0C5010E944515882309F473CFC5019F
:107F20000E943C186FCF60915D0870915E086115EA
:107F3000710509F493CD1DA61EA61FA6615D7D4F98
:107F400020E0A601CE0101960E946D2E77CFA89663
:107F50001FAEA89786E0A9968FAFA9978ECD0E94F5
:107F6000981A0E949B1A80919D040E94AA1A0E944E
:107F7000981A0E949B1A80919C040E94AA1A0E943F
:107F8000951A0E944E3C24CEE5E0BE123DCE679687
:107F90002EAD3FAD67972F5F3F4F67963FAF2EAF38
:107FA000679780919304882359F0E090960401E04C
:107FB00025E04A2D6F2DCE018F5B9F4F0E94D03B55
:107FC000A7968CAD9DADAEADBFADA7970196A11D97
:107FD000B11DA7968CAF9DAFAEAFBFAFA7979FEF78
:107FE000291A390AA3968CAD9DADAEADBFADA3974E
:107FF00080589F4FAF4FBF4FA3968CAF9DAFAEAF92
:10800000BFAFA3979BE12916310409F060CD6B96B1
:10801000AEADBFAD6B9711966B96BFAFAEAF6B9722
:10802000BAE14B0E511C611C711C6F968CAD9DAD5D
:10803000AEADBFAD6F97935FAF4FBF4F6F968CAF35
:108040009DAFAEAFBFAF6F9793ED491697E059065E
:108050006104710409F023CD10E00E94D51B40E0BB
:1080600060E089E199E00E9403208FE292E0111123
:1080700002C08FE192E09F938F9389E199E09F93F3
:108080008F930E94833B0F900F900F900F9041E0D1
:1080900060E089E199E00E94032067968EAD9FAD74
:1080A000679799279F938F93DF92CF9283E192E016
:1080B0009F938F9389E199E09F938F930E94833BD5
:1080C0000FB6F894DEBF0FBECDBF0E94611B8823A0
:1080D000E1F3C859DF4F0FB6F894DEBF0FBECDBF36
:1080E000DF91CF911F910F91FF90EF90DF90CF9094
:1080F000BF90AF909F908F907F906F905F904F90C8
:108100003F902F900895E091B108F091B208309718
:1081100009F4E1CD8401950140E050E060E070E0B9
:10812000CF010E944515D5CD40E850E067EA74E0E4
:108130008FE798E00E944825CECD11E08ECF81E0F8
:108140000E94943C8091B3089091B4080E94010869
:1081500090E080E0089580E00E94943C8091B30814
:108160009091B4080E94010890E080E008951F9269
:108170000F920FB60F9211240BB60F922F933F93CD
:108180004F935F936F937F938F939F93AF93BF931F
:10819000EF93FF9380E595E00E94E403FF91EF9158
:1081A000BF91AF919F918F917F916F915F914F910F
:1081B0003F912F910F900BBE0F900FBE0F901F900D
:1081C00018951F920F920FB60F9211240BB60F92B3
:1081D0002F938F939F93EF93FF93E0916005F0911E
:1081E00061058081E0916605F091670582FD1DC003
:1081F0009081809169058F5F8F7320916A05821746
:1082000041F0E0916905F0E0E05BFA4F958F8093D3
:108210006905FF91EF919F918F912F910F900BBE68
:108220000F900FBE0F901F9018958081F2CF1F9274
:108230000F920FB60F9211242F933F938F939F931A
:10824000AF93BF938091840490918504A09186049C
:10825000B09187043091830423E0230F2D3758F524
:108260000196A11DB11D20938304809384049093F3
:108270008504A0938604B09387048091880490912C
:108280008904A0918A04B0918B040196A11DB11DAF
:108290008093880490938904A0938A04B0938B04FC
:1082A000BF91AF919F918F913F912F910F900FBEF2
:1082B0000F901F90189526E8230F0296A11DB11D5F
:1082C000D2CF1F920F920FB60F9211240BB60F92BE
:1082D0002F933F934F935F936F937F938F939F93CE
:1082E000AF93BF93EF93FF938091B900887F80365F
:1082F00009F44DC008F040C0883209F4A7C028F541
:10830000803109F49BC0C8F4882309F4F7C0883091
:1083100009F494C0FF91EF91BF91AF919F918F911C
:108320007F916F915F914F913F912F910F900BBE75
:108330000F900FBE0F901F901895883109F486C0DA
:10834000803241F780935C0414C0803409F49BC0F0
:1083500040F48033B9F38833E9F680935C0485EC0C
:10836000AEC0803509F483C0883509F494C08834E0
:1083700089F60E940036CECF883909F48AC038F5D4
:10838000883729F050F4883611F0803719F683E0E9
:1083900080935D0410925B0455C0883809F479C05D
:1083A000803919F0803809F0B5CF80915B048032B4
:1083B00008F06FC0E0915B0481E08E0F80935B0456
:1083C0008091BB00F0E0E55CFB4F80833BC0803BCD
:1083D00039F0D0F4803A09F477C0883A09F09ACF9E
:1083E00084E080935D0410923A0410923904F0E026
:1083F000E0E019958091390481110FC081E08093EC
:1084000039041092190409C0803C09F4A8CF883CB3
:1084100009F4A5CF883B09F07DCFE0913A0481E0D3
:108420008E0F80933A04F0E0E75EFB4F80818093EB
:10843000BB0090913A048091390429C08091820454
:108440008093BB0085EC8093BC0064CF9091810445
:1084500080918004981758F5E091810481E08E0F97
:1084600080938104F0E0E05AFB4F8081E9CFE091F6
:10847000810481E08E0F809381048091BB00F0E045
:10848000E05AFB4F8083909181048091800498177B
:10849000C8F285E8D8CFE091810481E08E0F809307
:1084A00081048091BB00F0E0E05AFB4F8083809113
:1084B0005F0481115ECF81E080935E0484EA809343
:1084C000BC0010925D0426CF85EC8093BC00109216
:1084D0005D0480915B04803230F4E0915B04F0E055
:1084E000E55CFB4F108260915B0470E08BE394E0ED
:1084F000F0E0E0E0199510925B040CCF10925C0460
:1085000038CFCF92DF92EF92FF921F93CF93DF93FA
:10851000E0E5F5E01382128288EEC82E83E0D82EC3
:10852000E12CF12CC482D582E682F7828AEB92E0BC
:108530009183808385EC90E09587848784EC90E03C
:108540009787868780EC90E0918B808B81EC90E020
:10855000938B828B82EC90E0958B848B86EC90E001
:10856000978B868B118E128E138E148EEFEEF5E0A4
:1085700087E592E091838083ADEEB5E0B383A2837B
:1085800011E0148315821D921C92E5EFF5E08EE355
:1085900080838DE2818388EC92E0938382831482CE
:1085A000158383E798E00E94581A10925C08109295
:1085B0005B0810925E0810925D081092620810929B
:1085C000610880E58093650810926608109267083C
:1085D0008AE28093690810926D0810927208C9E1CE
:1085E000D9E01B821A828AEE92E0998388838CE01C
:1085F0008C838FEF8D838BE08E838AE08F8389E07D
:10860000888788E0898787E08A871B861C861D8685
:108610001E861F8681E00E943220E3E1F9E0D183CB
:10862000C08384E593E09383828315821482ECE017
:10863000F9E088E493E09183808328E732E0338394
:10864000228321E030E0358324831683E5E0F9E0DE
:10865000918380838EE692E09383828335832483A3
:108660001683AEEFB8E081E692E013969C938E936A
:10867000129715963C932E93149716961C93169763
:1086800082E393E011969C938E9388EF98E04DE5FA
:1086900052E0FC015183408346EF58E0538342830C
:1086A00014831582FA0111821082E7EEF8E013823A
:1086B000128246EE58E0558344839783868382E096
:1086C00090E0918780871386128614868CE093E071
:1086D00091838083D687C58742EE58E0EA013983CB
:1086E00028838BE592E09B838A83E3EDF8E0138295
:1086F0001282C482D582E682F782148786EF92E0E6
:1087000091838083168615868EEC98E0EC011882A2
:10871000C3EBD8E059834883FB83EA839D838C8332
:108720001E821F82188719862FE333E03B872A8732
:108730001D861C86188A198B1A8A1B8B1C8A1D8A17
:108740001E8A1F8A198E188E1A8FFC01B283A1838C
:10875000BF87AE87CA010E940108888199810E9463
:108760000108EC81FD81D483C383DF91CF911F91F8
:10877000FF90EF90DF90CF900895CF93DF93CDB728
:10878000DEB760970FB6F894DEBF0FBECDBF78940A
:1087900084B5826084BD84B5816084BD85B5826006
:1087A00085BD85B5816085BD80916E0081608093B7
:1087B0006E00109281008091810082608093810020
:1087C0008091810081608093810080918000816030
:1087D000809380008091B10084608093B10080918B
:1087E000B00081608093B00080919100826080939E
:1087F0009100809191008160809391008091900020
:108800008160809390008091A10082608093A1009C
:108810008091A10081608093A1008091A00081607F
:108820008093A0008091210182608093210180913A
:1088300021018160809321018091200181608093DA
:10884000200180917A00846080937A0080917A0080
:10885000826080937A0080917A00816080937A00B0
:1088600080917A00806880937A001092C10000E5C0
:1088700015E0E0916005F091610582E08083E09170
:108880005C05F0915D051082E0915E05F0915F0559
:1088900087E0808310926805E0916405F09165059A
:1088A0008EE08083E0916205F091630580818061B4
:1088B0008083E0916205F091630580818860808308
:1088C000E0916205F0916305808180688083E0918A
:1088D0006205F091630580818F7D808361E08DE08A
:1088E0000E94620561E08AE30E94620561E08BE319
:1088F0000E94620561E08CE30E94620560E08AE309
:108900000E94340560E08BE30E94340560E08CE354
:108910000E94340560E08DE00E94340582E00E94F0
:10892000322040E060E089E199E00E9403206DED93
:1089300073E089E199E00E94582F41E060E089E10D
:1089400099E00E9403206CEE73E089E199E00E94B7
:10895000582F62E087E30E94620562E088E30E948C
:10896000620562E086E30E94620562E089E30E949C
:10897000620581EF93E09F938F938AEF93E09F933B
:108980008F9386E094E09F938F931F9283E18F9360
:108990001F9288E08F931F9281E08F938CEE93E07B
:1089A0009F938F9388EA94E09F938F931F930F93E5
:1089B0000E94833B61E08AE30E94340561E08CE31E
:1089C0000E94340561E08BE30E94340568EE73E099
:1089D00080E090E00E94C30560E08CE30E943405D3
:1089E00068EE73E080E090E00E94C30560E08BE3F6
:1089F0000E94340560E080E00E94620560E082E34E
:108A00000E94620561E083E30E94620561E084E305
:108A10000E94620561E085E30E94620561E083E3F4
:108A20000E94340561E084E30E94340561E085E33F
:108A30000E9434051092930410926A0810926708FD
:108A40001092690810926D0885E38093680861E0D0
:108A50000E94620561E0809168080E94340582E509
:108A600080936508109266081FB7F8940FB6F894C3
:108A7000DEBF0FBECDBF80919204811127C0E6EB0F
:108A8000F3E08491E0E7F3E09491E82FF0E0EE0F5B
:108A9000FF1FEF5DFC4FA591B491EC91E92321F408
:108AA00061E085E30E94340561E085E30E94620590
:108AB0008CB580618CBD8CB580648CBD61E084E335
:108AC0000E94620561E083E30E9462058091920446
:108AD0008F5F809392041FBF81E08093670810929C
:108AE0006B0880916A08811104C083E698E00E94B7
:108AF000980B61E0809168080E9434051AE08FEFBE
:108B00000E94910B1150D9F760E0809168080E9493
:108B100034051AE020E030E0A90160E083E698E047
:108B20000E94780C082F813009F435C1115009F0EA
:108B30002BC181E08093690883E698E00E94C10B15
:108B4000BBEFCB2EB5E0DB2E83E698E09093620876
:108B500080936108109169081111A3C29093600875
:108B600080935F0810925C0810925B0810922808AE
:108B7000109256081092570810925808D0925E082A
:108B8000C0925D0890932708809326089093FD0576
:108B90008093FC051092FB058FEF9FEFDC01809323
:108BA000020690930306A0930406B093050620E006
:108BB00040E050E0BA01C6010E94670E009709F438
:108BC0005BC1FC01E254FE4F2481222309F454C10D
:108BD00020812F7709F050C18A539E4FDC018D9080
:108BE0009D90AD90BC90B501A401C6010E94670E96
:108BF0007C01009709F440C145E050E06CE074E06E
:108C000003960E940D52892B09F036C1F701E459F1
:108C1000FF4F8081893009F02FC17C97808191813D
:108C2000A281B381880D991DAA1DBB1D80930A08DE
:108C300090930B08A0930C08B0930D083496808194
:108C40009181A281B38180930E0890930F08A09325
:108C50001008B0931108349640815181628173816C
:108C6000480D591D6A1D7B1D40931208509313082F
:108C70006093140870931508349680819181A281C5
:108C8000B3818093160890931708A0931808B093A7
:108C90001908349680819181A281B38180931A084A
:108CA00090931B08A0931C08B0931D083D9620814B
:108CB00020932908275F81E090E0A0E0B0E004C0A5
:108CC000880F991FAA1FBB1F2A95D2F780932208ED
:108CD00090932308A0932408B09325080197A10935
:108CE000B10980931E0890931F08A0932008B093A9
:108CF0002108109206081092070810920808109296
:108D0000090840E050E0BA01C6010E94B10E10E42B
:108D1000109328088AE298E00E941817EAE2F8E027
:108D20008FE2DF011D928A95E9F710935608D092E1
:108D30004B08C0924A0881E08093580880918E04C5
:108D400090918F04892B21F4D0928F04C0928E04CD
:108D50008BEF95E0909391048093900400916108CB
:108D60001091620820E030E0A90169E0C8010E948A
:108D7000780C81116EC240E150E0BE016F5F7F4F01
:108D8000C8010E94250C68C20FEF8FEF0E94910B63
:108D90000150D9F7BFCE2AEA31E040E050E068E068
:108DA00083E698E00E94780C82FD0EC082E08093FA
:108DB0006D0814E00E94A60B80936C081150D1F747
:108DC0008A3A21F086E0B6CE00936D0880916D0856
:108DD000C12CD12CE12C10E4F12E823019F0C12CE1
:108DE000D12C76010E94F5058B010053184F20E02D
:108DF00030E0A90167E383E698E00E94780CA701C0
:108E0000960169E283E698E00E94780C882349F095
:108E10000E94F505C801861B970B97FFE8CF87E1F5
:108E200089CE80916D088230D1F420E030E0A90134
:108E30006AE383E698E00E94780C882311F082E1CF
:108E400079CE0E94A60B807C803C19F483E080934D
:108E50006D080E94A60B0E94A60B0E94A60B83E63B
:108E600098E00E94C10B80E58093650881E08093C3
:108E700066081092720864CE10925E0810925D0827
:108E800010920006109226081092270810922808C7
:108E90008BEF95E090935C0880935B0880915F086E
:108EA000909160089093FC058093FB0541E050E0B1
:108EB00060E070E04093030650930406609305065B
:108EC0007093060690931D0680931C0610921B0655
:108ED0008FEF9FEFDC018093220690932306A093EF
:108EE0002406B093250620E040E050E0BA018BE173
:108EF00096E00E94670E009709F4CFC0FC01E2548F
:108F0000FE4F2481222309F4C8C020812F7709F065
:108F1000C4C08A539E4FFC01C080D180E280F380A0
:108F2000B701A6018BE196E00E94670EFC01892B38
:108F300009F4B3C08089823009F0AFC0838594857D
:108F40008115924009F0A9C095859093FD058FEF9A
:108F5000890F8093FE0581E0981731F01F5F19306B
:108F600009F45AC1880FF8CF1093FF0586899789B5
:108F7000B0E0A0E08093070690930806A09309064E
:108F8000B0930A06892B8A2B8B2B61F484A195A1BF
:108F9000A6A1B7A18093070690930806A09309069F
:108FA000B0930A068685978526013701480E591E1B
:108FB000611C711C40920F065092100660921106BF
:108FC000709212068189928990930206809301061D
:108FD00040910706509108066091090670910A06B3
:108FE0004A015B01880C991CAA1CBB1C840C951CB3
:108FF000A61CB71C8092170690921806A09219061C
:10900000B0921A0635E0880F991F3A95E1F7815022
:109010009E4F892F99278695880E991EA11CB11CF9
:1090200080920B0690920C06A0920D06B0920E064E
:1090300083899489B0E0A0E00097A105B10521F4EF
:1090400080A191A1A2A1B3A1C818D908EA08FB0880
:109050008C0D9D1DAE1DBF1D6C017D0104C0F694DD
:10906000E794D794C7941A95D2F7D701C601019611
:10907000A11DB11D8093130690931406A0931506AD
:10908000B093160685EFC8168FE0D806E104F10408
:1090900008F088C08CE08093000610925C08109263
:1090A0005B0881E394E00E94672FE0916108F091F2
:1090B0006208309721F08681882309F4E7C289E1AC
:1090C00094E00E94672FE0916108F0916208309768
:1090D00091F08681813009F0D9C288EE93E00E9438
:1090E000672FE0916108F0916208309721F0868146
:1090F000882309F495C06CED73E080E595E00E944B
:109100004C03E0916108F09162086BE2309709F03E
:10911000668170E090E080E040E10E947A2F68ED87
:1091200073E080E595E00E944C03E0916108F091C6
:10913000620860E0309709F0618570E090E080E0BF
:1091400040E10E947A2F65E873E080E595E00E9497
:10915000582F80919304811185C08FE494E09F93F0
:109160008F9380E595E09F938F930E94833B89E1E5
:1091700099E00E942A2067E474E089E199E00E9466
:109180004C0341E060E089E199E00E94032060E443
:1091900074E089E199E00E944C030F900F900F90CA
:1091A0000F90FFCF80E195EFC9169FEFD906E1043C
:1091B000F10468F084A595A5A6A5B7A58093170628
:1091C00090931806A0931906B0931A0680E2809334
:1091D000000640931E0650931F066093200670936E
:1091E000210686E298E00E9416126BEF75E086E297
:1091F00098E00E94882A882309F44FCF80918C043C
:1092000090918D04892B09F0A3CD8BEF95E090937D
:109210008D0480938C049CCD88E08093FF053DCF26
:10922000E0915B08F0915C08309741F085818111F5
:1092300090CF87EC93E00E94672F8BCF80915D08E1
:1092400090915E080097A9F3835D9D4FDC018C919E
:10925000EECF8CE1F8018683C8010E94C10B81E04A
:10926000809393048AE894E09F938F9300E515E040
:109270001F930F930E94833B61E08AE30E943405B1
:1092800060E08CE30E94340560E08BE30E943405CB
:1092900061E080E30E94620561E08EE20E94620567
:1092A00061E08CE20E94620560E082E00E9462055B
:1092B00060E083E00E94620560E08CE10E9462054C
:1092C00060E08EE10E94620560E08AE10E94620532
:1092D00060E088E10E94620580910B018D7F8093A0
:1092E0000B0180910B01877F80930B0180910B0113
:1092F0008F7D80930B011092940488E08093A404E6
:109300008FE492E09093A6048093A50410929504B4
:109310001092960410929A0410929C0410929D044C
:1093200080E480939904109298041092970410920C
:109330009F0410929E041092A0041092A104109217
:10934000A2041092A30410929B04E7EAF4E080E8E0
:10935000DF011D928A95E9F760E08AE30E943405F7
:1093600061E086E10E9462050E94D51B60911509AB
:1093700070911609685D7F4F80E00E94172A609106
:10938000150970911609605E7F4F81E00E94422AA4
:10939000609115097091160982E00E94422A60913D
:1093A000150970911609685E7F4F83E00E94172AA5
:1093B00080E794E09F938F931F930F930E94833BCA
:1093C0000FB6F894DEBF0FBECDBFBDE42B2EB5E0C7
:1093D0003B2E17E2612E15E0712E0FEEE02E04E019
:1093E000F02E8EEFC82E85E0D82E90E1A92E96E0C3
:1093F000B92E80E595E00E94CE03892B09F180E526
:1094000095E00E94AC03482E082F880F110BC8016D
:109410000E94B1514C01892B29F4642D80E595E01F
:109420000E94060450904F05511041C0C8010E948F
:10943000B951892B29F081E080934F05409227058F
:109440000E94611B823009F4F4C008F0E7C061E0BB
:10945000813009F4E9C0E091BF08F091C0080091A3
:10946000B3081091B408309709F0E7C083EB98E097
:109470000E941A0B4091BA082091B7083091B808A1
:1094800055E04502B0011124DC011296ED91FC91EA
:10949000828182FF04C0442311F065507109620F7C
:1094A000731FC8010E949F330E947304A2CF8928B2
:1094B00009F494C0F5E14F120FC0BF92AF9280E55E
:1094C00095E09F938F930E94833B10924F050F90DE
:1094D0000F900F900F90B4CF2DE0421619F05AE084
:1094E0004512AECFE52DF0E0E95DFA4F10828EE037
:1094F00096E09F938F9300E515E01F930F930E94D2
:10950000833B80912705082E000C990B0E94CB51BC
:109510000F900F900F900F908133910509F454C074
:109520006CF4C097E9F1ACEDB4E0BF93AF9380E584
:1095300095E09F938F930E94833B41C08F339105A9
:1095400019F08834910579F787ED95E09F938F9313
:1095500000E515E01F930F930E94833BE2E9F5E0DD
:10956000FF93EF931F930F930E94833B3F922F92A1
:109570001F930F930E94833B7F926F921F930F93D1
:109580000E94833BFF92EF921F930F930E94833BB5
:109590000FB6F894DEBF0FBECDBF10924F0550CF6F
:1095A000DF92CF921F930F930E94833B80E00E9433
:1095B000943C8091B3089091B4080E9401080F90E8
:1095C0000F900F900F90E9CFEEEEF5E0FF93EF9341
:1095D0001F930F930E94833B81E0E9CFC8010E9453
:1095E000C251892B69F0E52DF0E0EA5DFA4F8081E8
:1095F000082E000C990B0E94C251892B09F020CF34
:10960000F5E2F51508F41CCF81E0850D80934F0538
:10961000E52DF0E0E95DFA4F408212CF833059F03A
:1096200062E0843009F017CF70E08FEF0E94441E93
:1096300012CF64E0F9CF63E0F7CF9090BC081092AE
:10964000BC08D8014D915C9130E020E0241735072B
:109650000CF02ACFD80112966D917C91C901880F28
:10966000991F860F971FDC018D919C91DC01189644
:109670006C9160FD04C0992031F061FF04C061E08D
:1096800070E0199511CF2F5F3F4FE0CFE091610857
:10969000F09162082CCD88EA92E090937408809350
:1096A00073088FE798E00C94C0170F931F93CF9324
:1096B000DF938230910510F482E090E0E09133096D
:1096C000F091340930E020E0B0E0A0E0309799F468
:1096D0002115310509F44AC0281B390B2430310506
:1096E000D8F58A819B816115710589F1FB0193830E
:1096F0008283FE0111C0408151810281138148178C
:109700005907E0F04817590799F4109761F012963D
:109710000C93129713961C933296CF01DF91CF9141
:109720001F910F9108950093330910933409F4CFDA
:109730002115310551F04217530738F0A901DB011B
:109740009A01BD01DF01F801C1CFEF01F9CF90937C
:10975000340980933309CDCFFE01E20FF31F8193CB
:1097600091932250310939832883D7CF2091310931
:1097700030913209232B41F42091840230918502EB
:109780003093320920933109209182023091830273
:109790002115310541F42DB73EB740918602509115
:1097A0008702241B350BE0913109F0913209E21751
:1097B000F307A0F42E1B3F0B2817390778F0AC01F4
:1097C0004E5F5F4F2417350748F04E0F5F1F5093D1
:1097D000320940933109819391939FCFF0E0E0E00B
:1097E0009CCFCF93DF930097E9F0FC01329713826F
:1097F0001282A0913309B0913409ED0130E020E0EC
:109800001097A1F420813181820F931F209131099B
:10981000309132092817390709F061C0F0933209F5
:10982000E0933109DF91CF910895EA01CE17DF0768
:10983000E8F54A815B819E0141155105B1F7E901C7
:10984000FB83EA8349915991C40FD51FEC17FD079B
:1098500061F4808191810296840F951FE9019983BB
:109860008883828193819B838A83F0E0E0E0129673
:109870008D919C9113970097B9F52D913C9111977B
:10988000CD010296820F931F209131093091320948
:109890002817390739F6309751F51092340910928C
:1098A0003309B0933209A0933109BCCFD383C2836B
:1098B00040815181840F951FC817D90761F44E5F0D
:1098C0005F4F88819981480F591F518340838A8156
:1098D0009B81938382832115310509F0B0CFF093EA
:1098E0003409E09333099ECFFD01DC01C0CF138220
:1098F0001282D7CFFB01DC0102C005900D924150CE
:109900005040D8F708950F931F93CF93DF93CDB7AF
:10991000DEB72E970FB6F894DEBF0FBECDBF8C0119
:10992000FA018EE08C831A83098377FF02C060E01E
:1099300070E8615071097E836D83A901BF01CE017A
:1099400001960E94BC4C4D815E8157FD0AC02F815B
:109950003885421753070CF49A01020F131FF801C0
:1099600010822E960FB6F894DEBF0FBECDBFDF91EA
:10997000CF911F910F9108952F923F924F925F9236
:109980006F927F928F929F92AF92BF92CF92DF920F
:10999000EF92FF920F931F93CF93DF9300D000D0ED
:1099A00000D01F921F92CDB7DEB77C013B018A0128
:1099B000FC0117821682838181FFDDC1CE010196F1
:1099C0005C01F7019381F30193FD859193FF8191F0
:1099D0003F01882309F453C1853239F493FD859101
:1099E00093FF81913F01853229F4B70190E00E94F5
:1099F000D44EE7CF912C212C312CFFE1F31538F018
:109A00008B3211F190F4803209F1833229F137FC65
:109A10003CC020ED280F2A3050F536FE20C08AE0E9
:109A2000989E200D1124922E06C08D3291F0803325
:109A300071F7689430F8F30193FD859193FF81915C
:109A40003F018111DACF21C0689431F8689432F86F
:109A5000F2CF689433F8EFCF689434F8ECCFEAE0B3
:109A60002E9E200D1124222E689435F8E4CF8E32DC
:109A700029F436FC04C1689436F8DDCF8C3619F42D
:109A8000689437F8D8CF8836B1F2982F9F7D9554D7
:109A90009330E0F08336A1F18337C1F1833509F0CB
:109AA00063C02801F2E04F0E511CF801C080D18044
:109AB000692D70E036FC02C06FEF7FEFC6010E9497
:109AC000BE4E4C01689437F882010AC00C5F1F4FEC
:109AD000FFE3F98388248394912C6501E89437F897
:109AE00033FE2DC0522C8114910471F5552009F4D8
:109AF00068CFB70180E290E00E94D44E5A94F6CF2E
:109B0000F801808189830E5F1F4FE4CF2801F2E0C6
:109B10004F0E511CF801C080D180692D70E036FCD9
:109B200002C06FEF7FEFC6010E94C94E4C01820157
:109B3000D5CFB70180E290E00E94D44E2A94281439
:109B4000190409F0B0F7CECFF60137FC859137FE46
:109B500081916F01B70190E00E94D44E51105A9448
:109B6000F1E08F1A9108BFCF843619F0893609F0D9
:109B700077C0F80137FE6BC060817181828193816B
:109B80000C5F1F4FF32DFF763F2E97FF09C0909576
:109B90008095709561957F4F8F4F9F4F689437F8F0
:109BA0002AE030E0A5010E94044FC82ECA188C2C70
:109BB000432C36FE0CC0E89440F8C91440F434FE3F
:109BC00005C032FC03C0F32DFE7E4F2E892C44FECF
:109BD000AAC0FE01EC0DF11D8081803309F09CC00C
:109BE000242D297E422E842D8870582E43FCAAC035
:109BF00040FEA4C09C2C821418F42C0C922C9818B3
:109C000044FEA6C0B70180E390E00E94D44E42FE1D
:109C100009C088E790E041FE02C088E590E0B70106
:109C20000E94D44EC91408F49FC0CA94D12C9FEF4F
:109C3000C91AD90ACA0CDB1CF60182916F01B7015F
:109C400090E00E94D44EAC14BD04B1F74FCF6081B8
:109C50007181072E000C880B990B0E5F1F4F92CF5E
:109C6000D32CE894D4F82AE030E08537E1F1232DB5
:109C7000297FD22E8F36A9F1F0F4883551F1F70102
:109C8000868197812B960FB6F894DEBF0FBECDBFAD
:109C9000DF91CF911F910F91FF90EF90DF90CF90C8
:109CA000BF90AF909F908F907F906F905F904F90FC
:109CB0003F902F900895803749F0883701F7D4FE00
:109CC00002C06894D2F820E130E00DC06894D4F866
:109CD000F6CF34FE03C0822F8660D82E20E132E01A
:109CE00002C028E030E0F801D7FE0FC0608171812A
:109CF000828193810C5F1F4FA5010E94044FC82EE3
:109D0000CA183D2CE89437F852CF6081718190E0F9
:109D100080E00E5F1F4FF0CF42FC02C0839463CF00
:109D20008394839460CF842D867809F45CCFF6CF3A
:109D3000B70180E290E00E94D44E83948214C0F375
:109D4000512C5ECF522C5818821408F459CFF8CFFA
:109D5000842D867809F466CF8BE241FE80E247FCD1
:109D60008DE2B70190E05CCFB70180E390E00E9404
:109D7000D44E9A9457CF8FEF9FEF84CFFC0105907C
:109D8000615070400110D8F7809590958E0F9F1FFD
:109D90000895FC016150704001900110D8F7809542
:109DA00090958E0F9F1F08950F931F93CF93DF936E
:109DB000182F092FEB018B8181FD09C01FEF0FEFD9
:109DC000812F902FDF91CF911F910F91089582FFE6
:109DD00014C02E813F818C819D81281739073CF466
:109DE000E881F981CF0101969983888310838E8160
:109DF0009F8101969F838E83E3CFE885F985812F2C
:109E00001995892BA1F3DACFFA01AA27283051F14D
:109E1000203181F1E8946F936E7F6E5F7F4F8F4F9B
:109E20009F4FAF4FB1E03ED0B4E03CD0670F781FFA
:109E3000891F9A1FA11D680F791F8A1F911DA11DDF
:109E40006A0F711D811D911DA11D20D009F4689418
:109E50003F912AE0269F11243019305D3193DEF6C0
:109E6000CF010895462F4770405D4193B3E00FD076
:109E7000C9F7F6CF462F4F70405D4A3318F0495D61
:109E800031FD4052419302D0A9F7EACFB4E0A69544
:109E90009795879577956795BA95C9F70097610566
:109EA000710508959B01AC010A2E069457954795BC
:109EB00037952795BA95C9F7620F731F841F951FB1
:109EC000A01D08950E94764F0C9457500E94505048
:109ED00058F00E94495040F029F45F3F29F00C945B
:109EE000405051110C948B500C9446500E94685075
:109EF00068F39923B1F3552391F3951B550BBB27B9
:109F0000AA2762177307840738F09F5F5F4F220FFD
:109F1000331F441FAA1FA9F335D00E2E3AF0E0E8F4
:109F200032D091505040E695001CCAF72BD0FE2F3E
:109F300029D0660F771F881FBB1F261737074807D2
:109F4000AB07B0E809F0BB0B802DBF01FF2793588A
:109F50005F4F3AF09E3F510578F00C9440500C94BE
:109F60008B505F3FE4F3983ED4F3869577956795E1
:109F7000B795F7959F5FC9F7880F911D96958795BF
:109F800097F90895E1E0660F771F881FBB1F6217DE
:109F900073078407BA0720F0621B730B840BBA0B9C
:109FA000EE1F88F7E09508950E94705088F09F5743
:109FB00098F0B92F9927B751B0F0E1F0660F771FED
:109FC000881F991F1AF0BA95C9F714C0B13091F0E3
:109FD0000E948A50B1E008950C948A50672F782F20
:109FE0008827B85F39F0B93FCCF3869577956795A8
:109FF000B395D9F73EF490958095709561957F4F14
:10A000008F4F9F4F0895E89409C097FB3EF49095B9
:10A010008095709561957F4F8F4F9F4F9923A9F041
:10A02000F92F96E9BB279395F695879577956795D0
:10A03000B795F111F8CFFAF4BB0F11F460FF1BC014
:10A040006F5F7F4F8F4F9F4F16C0882311F096E9A7
:10A0500011C0772321F09EE8872F762F05C0662355
:10A0600071F096E8862F70E060E02AF09A95660F0E
:10A07000771F881FDAF7880F9695879597F90895C7
:10A0800097F99F6780E870E060E008959FEF80ECAB
:10A09000089500240A94161617061806090608954E
:10A0A00000240A9412161306140605060895092EB4
:10A0B0000394000C11F4882352F0BB0F40F4BF2B23
:10A0C00011F460FF04C06F5F7F4F8F4F9F4F089563
:10A0D00057FD9058440F551F59F05F3F71F0479559
:10A0E000880F97FB991F61F09F3F79F0879508953E
:10A0F000121613061406551FF2CF4695F1DF08C05D
:10A10000161617061806991FF1CF86957105610579
:10A1100008940895E894BB2766277727CB0197F921
:10A1200008950E94A4500C9457500E94495038F052
:10A130000E94505020F0952311F00C9440500C9444
:10A14000465011240C948B500E94685070F3959FD8
:10A15000C1F3950F50E0551F629FF001729FBB271E
:10A16000F00DB11D639FAA27F00DB11DAA1F649FBA
:10A170006627B00DA11D661F829F2227B00DA11D6D
:10A18000621F739FB00DA11D621F839FA00D611DF3
:10A19000221F749F3327A00D611D231F849F600D14
:10A1A000211D822F762F6A2F11249F5750409AF03D
:10A1B000F1F088234AF0EE0FFF1FBB1F661F771FC9
:10A1C000881F91505040A9F79E3F510580F00C9494
:10A1D00040500C948B505F3FE4F3983ED4F3869547
:10A1E00077956795B795F795E7959F5FC1F7FE2B34
:10A1F000880F911D9695879597F90895991B79E099
:10A2000004C0991F961708F0961B881F7A95C9F706
:10A2100080950895AA1BBB1B51E107C0AA1FBB1F55
:10A22000A617B70710F0A61BB70B881F991F5A95E2
:10A23000A9F780959095BC01CD01089597FB072E55
:10A2400016F4009407D077FD09D00E940A5107FC4C
:10A2500005D03EF4909581959F4F08957095619536
:10A260007F4F0895A1E21A2EAA1BBB1BFD010DC052
:10A27000AA1FBB1FEE1FFF1FA217B307E407F507B6
:10A2800020F0A21BB30BE40BF50B661F771F881F92
:10A29000991F1A9469F760957095809590959B0128
:10A2A000AC01BD01CF010895EE0FFF1F881F8BBFCA
:10A2B0000790F691E02D199497FD1094002E083028
:10A2C00098F00850232F342F452F562F672F782FC3
:10A2D000892F912DF4CF159497958795779567954C
:10A2E00057954795379527950A95AAF71124002D7C
:10A2F00008952A0D3B1D4C1D5D1D6E1D7F1D801F89
:10A30000911F08950024A7FD00942A0F301D401DC1
:10A31000501D601D701D801D901D08952A193B0958
:10A320004C095D096E097F09800B910B08952A1570
:10A330003B054C055D056E057F0580079107089577
:10A340000024A7FD00942A1730054005500560053C
:10A35000700580059005089581E090E0F8940C94D4
:10A360001E5291110C941B528F3711F08052D0F76E
:10A370000895803209F091110C941B5280528F5530
:10A38000D8F7089591110C941B52803219F089501E
:10A390008550C8F708959111089581568A5108F49F
:10A3A000805285580895FB01DC0104C08D91019015
:10A3B000801921F441505040C8F7881B990B08952B
:10A3C000FB01DC0102C001900D9241505040D8F7D2
:10A3D0000895DC0101C06D9341505040E0F70895AD
:10A3E000FB01DC010D900020E9F7119701900D921F
:10A3F0000020E1F70895FC018191861721F0882360
:10A40000D9F7992708953197CF010895FB01DC0111
:10A4100001900D920020E1F70895FB01DC0141500D
:10A42000504030F08D910190801919F40020B9F757
:10A43000881B990B089599278827089513E0CBE08E
:10A44000D3E000E006C0802FFE010E945451219607
:10A45000011DCC30D10780E00807A9F7F894FFCFA1
:10A460000C09050944554D5030302E44534B0046DD
:10A47000494C4255460000454D5042554600005754
:10A480005253454354000052445345435400005333
:10A4900045544D4544000052445354415400005724
:10A4A000524444534500005244455252430000492F
:10A4B0004E4954000000000000280AE70800001080
:10A4C00002420303008802000004000200029F40D1
:10A4D0000000920202000000AB4000009B0202005C
:10A4E00000000000350980004D61696E206D656EC9
:10A4F000750044554D50205B315D0044554D502052
:10A500005B305D0000000000052A022A701A441A20
:10A51000D9192225A72400000000060470039D031A
:10A520005304CE03AC03C0030000FF01002F020060
:10A530002A03002B04002D05002D06002B07003FE9
:10A5400009003509003600000000D31F7003701A9F
:10A55000731A00000000741A7003701A731A701ACC
:10A560006D1A6D1A6C1A000900000000CA1B7003F6
:10A57000701A731ACC081B086608E1204A061420DA
:10A58000CB08A408771A771A05219D089D080000BA
:10A590000000791A03095435F3098D1A0B0BA635FF
:10A5A000601D7F1A00000000931A901A5435170B93
:10A5B0008D1A0B0B00000707070700001F10101073
:10A5C0001010101F00001C1C1C1C00001F010101AA
:10A5D0000101011F00001F1F1F1F00001F000000BE
:10A5E0000000001F120D0A005D005B003A0045727A
:10A5F000726F723A206D617844657074682072657C
:10A600006163686564210A0D696E637265617365D3
:10A61000206D61784465707468206F6E20796F7565
:10A62000722073636B657463682E0030313233348B
:10A6300035363738392E005F6D65746100474D44FB
:10A6400037303132205265616465720076312E30C8
:10A650000031343A34313A333600466562202033D3
:10A66000203230323500372E332E300045584641E7
:02A67000540094
:00000001FF
